名稱,緯度,經度,類別,城市,區域,說明,座標精度,Google Maps
武雄市圖書館,33.189131,130.023662,景點,佐賀,武雄市,"武雄市図書館
書店與咖啡結合的公共圖書館／挑高書牆
日本最有名的公共圖書館改造案例，與蔦屋書店、星巴克結合，年中無休。
武雄溫泉站步行約 15 分或搭巴士；館內部分區域禁止攝影。
價位：免費
營業：09:00–21:00
建議停留：1 小時",nominatim,https://www.google.com/maps/search/?api=1&query=%E6%AD%A6%E9%9B%84%E5%B8%82%E5%9B%B3%E6%9B%B8%E9%A4%A8%20%E6%AD%A6%E9%9B%84%E5%B8%82
倉敷美觀地區,34.595739,133.771765,景點,其他,岡山縣倉敷市,"倉敷美観地区
白牆黑瓦的江戶商家街與柳川運河，是「跨出九州」路線裡最有畫面的一站。
⚠️ 博多約 1 小時 45 分–2 小時（山陽新幹線），不在 JR 九州 Pass 範圍，往返車資另計。本次沒排。
建議停留：2–3 小時",google,https://www.google.com/maps/search/?api=1&query=%E5%80%89%E6%95%B7%E7%BE%8E%E8%A6%B3%E5%9C%B0%E5%8C%BA%20%E5%B2%A1%E5%B1%B1%E7%B8%A3%E5%80%89%E6%95%B7%E5%B8%82
嚴島神社（宮島）,34.296534,132.319005,景點,其他,廿日市市,"厳島神社
海上大鳥居（世界遺產）／迴廊／表參道商店街
世界遺產，海上大鳥居是日本最具代表性的風景之一；社殿與參道全為平地。
廣島站→宮島口約 30 分＋渡輪 10 分；另收宮島訪問稅。彌山登山不排（需 1.5 小時以上）。
門票：約 ¥300
營業：06:30–18:00
建議停留：3–4 小時",nominatim,https://www.google.com/maps/search/?api=1&query=%E5%8E%B3%E5%B3%B6%E7%A5%9E%E7%A4%BE%20%E5%BB%BF%E6%97%A5%E5%B8%82%E5%B8%82
海響館（下關市立水族館）,33.954619,130.942361,景點,北九州,下關市,"海響館
世界最多河豚展示／藍鯨骨骼標本／企鵝村
以河豚展示種類世界第一著稱，就在唐戶市場旁；雨天與冬天的室內備案。
門票：約 ¥2,090
營業：09:30–17:30
建議停留：1.5–2 小時",google,https://www.google.com/maps/search/?api=1&query=%E6%B5%B7%E9%9F%BF%E9%A4%A8%20%E4%B8%8B%E9%97%9C%E5%B8%82
舊門司三井俱樂部,33.945723,130.962575,景點,北九州,北九州市,"旧門司三井倶楽部
1921 年洋館（重要文化財）／愛因斯坦住過的房間／林芙美子紀念室
愛因斯坦夫婦 1922 年訪日時住過的洋館，內部保存完好。
門票：約 ¥150（2F）
營業：09:00–17:00
建議停留：30 分",nominatim,https://www.google.com/maps/search/?api=1&query=%E6%97%A7%E9%96%80%E5%8F%B8%E4%B8%89%E4%BA%95%E5%80%B6%E6%A5%BD%E9%83%A8%20%E5%8C%97%E4%B9%9D%E5%B7%9E%E5%B8%82
角島大橋,34.351237,130.889214,景點,北九州,下關市,"1780 公尺跨海大橋／翡翠色海水／日本百景
山口縣最出名的風景，橋身跨過翡翠色淺海，是日本汽車廣告的常用場景。
⚠️ 從下關站需搭巴士約 1 小時或自駕，JR 為主的行程不容易排；列為備選。
價位：免費
建議停留：半天（含交通）",google,https://www.google.com/maps/search/?api=1&query=%E8%A7%92%E5%B3%B6%E5%A4%A7%E6%A9%8B%20%E4%B8%8B%E9%97%9C%E5%B8%82
赤間神宮,33.959716,130.948777,景點,北九州,下關市,"水天門（朱紅龍宮造）／安德天皇陵／耳無芳一堂
祭祀壇之浦之戰中投海的安德天皇，朱紅色水天門面對關門海峽非常好拍。
唐戶市場步行約 8 分；平地。
價位：免費
建議停留：30 分",overpass,https://www.google.com/maps/search/?api=1&query=%E8%B5%A4%E9%96%93%E7%A5%9E%E5%AE%AE%20%E4%B8%8B%E9%97%9C%E5%B8%82
門司港復古區,33.946204,130.96301,景點,北九州,北九州市,"門司港レトロ
大正時代洋館群／跳ね橋（藍翼門司橋）／關門海峽展望
大正時代作為國際貿易港留下的洋館群，整區維持復古街景，可以看關門海峽對岸的下關。
全區平地，步行即可；冬天海邊風大。
價位：免費（各館另計）
建議停留：2–3 小時",google,https://www.google.com/maps/search/?api=1&query=%E9%96%80%E5%8F%B8%E6%B8%AF%E3%83%AC%E3%83%88%E3%83%AD%20%E5%8C%97%E4%B9%9D%E5%B7%9E%E5%B8%82
門司港站,33.945132,130.961474,景點,北九州,北九州市,"門司港駅
1914 年新文藝復興樣式站舍（重要文化財）／復原的大正時代候車室
日本唯一被指定為重要文化財的車站建築，2019 年完成復原工程，本身就是景點。
站前就是門司港復古區，各景點步行都在 10 分內。
價位：免費
建議停留：30 分",overpass,https://www.google.com/maps/search/?api=1&query=%E9%96%80%E5%8F%B8%E6%B8%AF%E9%A7%85%20%E5%8C%97%E4%B9%9D%E5%B7%9E%E5%B8%82
關門海峽博物館,33.943797,130.956786,景點,北九州,北九州市,"関門海峡ミュージアム
海峽歷史立體劇場／復原的大正街道「海峽復古通」／展望台
用大型展示講關門海峽的歷史，館內的復原街道是雨天最好的備案。
門票：約 ¥500
營業：09:00–17:00
建議停留：1–1.5 小時",nominatim,https://www.google.com/maps/search/?api=1&query=%E9%96%A2%E9%96%80%E6%B5%B7%E5%B3%A1%E3%83%9F%E3%83%A5%E3%83%BC%E3%82%B8%E3%82%A2%E3%83%A0%20%E5%8C%97%E4%B9%9D%E5%B7%9E%E5%B8%82
COMICO ART MUSEUM YUFUIN,33.266,131.361,景點,大分,由布市,"隈研吾設計／村上隆・杉本博司作品／完全預約制
隈研吾設計的美術館，收藏村上隆、奈良美智等當代作品，建築本身就值得看。
⚠️ 完全預約制（官網預約，線上訂便宜 ¥200），約 ¥2,000 起。休館日為「隔週水曜」且會臨時休館——2/9 是週二正常開館，但仍請出發前對官網預約日曆確認。由布院駅步行約 15 分。
門票：約 ¥2,000 起
營業：09:30–17:00（最終入館 16:00）
建議停留：1–1.5 小時",approx,https://www.google.com/maps/search/?api=1&query=COMICO%20ART%20MUSEUM%20YUFUIN%20%E7%94%B1%E5%B8%83%E5%B8%82
九重「夢」大吊橋,33.172776,131.225559,景點,大分,玖珠郡九重町,"九重“夢”大吊橋
日本最高的步行專用吊橋（高 173m、長 390m），走完約 30 分且全程平路、不用爬山。
⚠️ 由布院搭巴士約 1 小時且班次極少、JR 不可達，實務上要包車或計程車。冬天橋面可能結冰封閉，出發前查官網。
門票：¥500
建議停留：1 小時",google,https://www.google.com/maps/search/?api=1&query=%E4%B9%9D%E9%87%8D%E2%80%9C%E5%A4%A2%E2%80%9D%E5%A4%A7%E5%90%8A%E6%A9%8B%20%E7%8E%96%E7%8F%A0%E9%83%A1%E4%B9%9D%E9%87%8D%E7%94%BA
佛山寺,33.263572,131.369711,景點,大分,由布市,"仏山寺
茅草屋頂山門／由布院最古寺院／庭園
由布院最古老的寺院，茅草屋頂的山門很有味道，就在金鱗湖往宇奈岐日女神社的路上。
免費；境內為平地與短緩坡。
價位：免費
建議停留：20 分",google,https://www.google.com/maps/search/?api=1&query=%E4%BB%8F%E5%B1%B1%E5%AF%BA%20%E7%94%B1%E5%B8%83%E5%B8%82
別府マスジド,33.291617,131.503035,景點,大分,別府市,"⚠️ 這是離湯布院最近的清真寺（由布院搭 JR 約 1 小時）。立命館亞洲太平洋大學（APU）在別府，所以別府的穆斯林設施反而比大分其他地方齊全。
⚠️ 本趟不排別府，列在這裡是因為——湯布院本身沒有清真餐廳，最近的清真選項都在別府。
清真：礼拝所",google,https://www.google.com/maps/search/?api=1&query=%E5%88%A5%E5%BA%9C%E3%83%9E%E3%82%B9%E3%82%B8%E3%83%89%20%E5%88%A5%E5%BA%9C%E5%B8%82
城島高原（塚原高原一帶）,33.264487,131.426856,景點,大分,別府市・城島,"城島高原パーク
由布院北側的高原地帶，冬天看得到由布岳雪景；塚原高原就在同一片高原上。
⚠️ 需要車（JR 到不了）。座標是城島高原パーク，塚原高原在其西側一帶。
建議停留：2–3 小時",nominatim,https://www.google.com/maps/search/?api=1&query=%E5%9F%8E%E5%B3%B6%E9%AB%98%E5%8E%9F%E3%83%91%E3%83%BC%E3%82%AF%20%E5%88%A5%E5%BA%9C%E5%B8%82%E3%83%BB%E5%9F%8E%E5%B3%B6
宇奈岐日女神社,33.256858,131.365493,景點,大分,由布市,"由布院的總鎮守／杉木參道／颱風倒木遺跡
由布院盆地的總鎮守，杉木參道很安靜，是湯之坪人潮之外的另一個面向。
由布院駅步行約 20 分（平路）；免費。
價位：免費
建議停留：30 分",nominatim,https://www.google.com/maps/search/?api=1&query=%E5%AE%87%E5%A5%88%E5%B2%90%E6%97%A5%E5%A5%B3%E7%A5%9E%E7%A4%BE%20%E7%94%B1%E5%B8%83%E5%B8%82
日田 豆田町,33.327262,130.936598,景點,大分,日田市,"重要傳統建造物群保存地區／江戶時代天領商家街／日田天領水・清酒老鋪
江戶幕府直轄「天領」的商人町，整區保留江戶到明治的町家建築，是九州保存最完整的老街之一。由布院搭 JR 久大本線約 1 小時，JR Pass 範圍內。
JR 日田站步行約 12 分；全區平地。多數店 09:00–17:00，週三部分休。可順嚐日田燒麵（日田焼きそば）。
價位：免費（各館另計）
建議停留：2.5–3 小時",google,https://www.google.com/maps/search/?api=1&query=%E6%97%A5%E7%94%B0%20%E8%B1%86%E7%94%B0%E7%94%BA%20%E6%97%A5%E7%94%B0%E5%B8%82
由布岳展望（由布院盆地）,33.28589,131.429406,景點,大分,由布市,"由布岳 展望
由布岳雙峰／冬季雪冠／由布見通り正對山景
由布院的背景山，海拔 1,583 公尺，冬天山頂會積雪。⚠️ 本趟不登山——只從由布見通り與盆地平地看與拍。
登山口在正面登山口方向，來回 4 小時以上，完全不排。
價位：免費
建議停留：20 分（純觀景）",google,https://www.google.com/maps/search/?api=1&query=%E7%94%B1%E5%B8%83%E5%B2%B3%20%E5%B1%95%E6%9C%9B%20%E7%94%B1%E5%B8%83%E5%B8%82
空想之森 アルテジオ,33.27573,131.36847,景點,大分,由布市,"空想の森 アルテジオ
音樂主題美術館／巧克力店 Theomurata／山莊無量塔經營
山莊無量塔經營的小美術館，主題是「音樂與美術」，同一區有巧克力專門店與咖啡。氣氛極安靜。
約 ¥1,000；由布院駅開車約 10 分（旅館多可安排接送），走路較遠。
門票：約 ¥1,000
營業：10:00–17:00
建議停留：1–1.5 小時",google,https://www.google.com/maps/search/?api=1&query=%E7%A9%BA%E6%83%B3%E3%81%AE%E6%A3%AE%20%E3%82%A2%E3%83%AB%E3%83%86%E3%82%B8%E3%82%AA%20%E7%94%B1%E5%B8%83%E5%B8%82
金鱗湖,33.266664,131.369027,景點,大分,由布市,"冬季晨霧／湖畔散步／下ん湯（湖畔共同浴場）
由布院的象徵。湖底有溫泉湧出，冬天清晨水氣蒸騰起霧是最有名的畫面，也是住在當地才看得到的東西。
由布院駅步行約 25 分（全程平路，沿湯之坪街道）。晨霧要 7–8 點到；湖畔的「下ん湯」是 ¥300 的共同浴場（混浴，要有心理準備）。
價位：免費
建議停留：40 分",google,https://www.google.com/maps/search/?api=1&query=%E9%87%91%E9%B1%97%E6%B9%96%20%E7%94%B1%E5%B8%83%E5%B8%82
熊本城,32.806186,130.705833,景點,熊本,熊本市,"天守閣（已復原，有電梯）／特別見學通路／宇土櫓
日本三名城之一，2016 年地震後天守閣已完成復原並重新開放，內部有電梯不用爬樓梯。
部分區域仍在修復中，以特別見學通路（空中步道）參觀；約 ¥800。
門票：約 ¥800
營業：09:00–17:00
建議停留：2 小時",google,https://www.google.com/maps/search/?api=1&query=%E7%86%8A%E6%9C%AC%E5%9F%8E%20%E7%86%8A%E6%9C%AC%E5%B8%82
草千里ヶ浜（阿蘇）,32.881466,131.053547,景點,熊本,阿蘇郡南阿蘇村,"草千里ヶ浜
阿蘇火山口下的高原草原，是阿蘇最具代表性的風景。
⚠️ 本次未排：2 月可能積雪、需要爬升，且火口常因火山氣體管制封閉。要去得包車或參加巴士團。
建議停留：1 小時",nominatim,https://www.google.com/maps/search/?api=1&query=%E8%8D%89%E5%8D%83%E9%87%8C%E3%83%B6%E6%B5%9C%20%E9%98%BF%E8%98%87%E9%83%A1%E5%8D%97%E9%98%BF%E8%98%87%E6%9D%91
阿蘇山火口,32.882702,131.09474,景點,熊本,阿蘇郡南阿蘇村,"阿蘇山
世界最大級的火山口地形，可近距離看中岳火口。
⚠️ 火山氣體濃度與警戒等級隨時管制入場，冬天又常積雪——本次沒排就是因為這個不確定性。",nominatim,https://www.google.com/maps/search/?api=1&query=%E9%98%BF%E8%98%87%E5%B1%B1%20%E9%98%BF%E8%98%87%E9%83%A1%E5%8D%97%E9%98%BF%E8%98%87%E6%9D%91
ACROS 福岡 禮拜室,33.591488,130.402445,景點,福岡,中央區・天神,"福岡県国際交流センター 礼拝スペース 3F アクロス福岡
天神中央公園旁的 ACROS 福岡 3 樓，福岡縣國際交流中心設有開放給所有訪客的禮拜空間——天神逛街時最方便的一處。
⚠️ 開放時間依中心營業時間。
清真：礼拝所",nominatim,https://www.google.com/maps/search/?api=1&query=%E7%A6%8F%E5%B2%A1%E7%9C%8C%E5%9B%BD%E9%9A%9B%E4%BA%A4%E6%B5%81%E3%82%BB%E3%83%B3%E3%82%BF%E3%83%BC%20%E7%A4%BC%E6%8B%9D%E3%82%B9%E3%83%9A%E3%83%BC%E3%82%B9%203F%20%E3%82%A2%E3%82%AF%E3%83%AD%E3%82%B9%E7%A6%8F%E5%B2%A1%20%E4%B8%AD%E5%A4%AE%E5%8D%80%E3%83%BB%E5%A4%A9%E7%A5%9E
ヤシの木ブランコ,33.629023,130.226851,景點,福岡,西區・小田,"椰子樹鞦韆／天空鈴鐺之梯／沙灘打卡
ざうお本店前沙灘上的椰子樹鞦韆與天空之梯，糸島最紅的打卡點之一。
座標是沙灘上的「ざうお BBQ ガーデン」——鞦韆就在這片海灘上。行政區屬福岡市西區小田（糸島海線的起點），不是糸島市。假日排隊拍照；冬天海風很大，注意保暖。
福岡県福岡市西区小田79-6
營業：週一–週日 11:00–21:00
建議停留：20–30 分",google,https://www.google.com/maps/search/?api=1&query=%E3%83%A4%E3%82%B7%E3%81%AE%E6%9C%A8%E3%83%96%E3%83%A9%E3%83%B3%E3%82%B3%20%E8%A5%BF%E5%8D%80%E3%83%BB%E5%B0%8F%E7%94%B0
丸田池公園,33.559056,130.195612,景點,福岡,糸島市・前原西,"親水綠地／筑前前原站旁
筑前前原站旁的親水公園，逛完前原商店街散步用。
福岡県糸島市前原西1-4-4
營業：週一–週日 24 小時
建議停留：20–30 分",google,https://www.google.com/maps/search/?api=1&query=%E4%B8%B8%E7%94%B0%E6%B1%A0%E5%85%AC%E5%9C%92%20%E7%B3%B8%E5%B3%B6%E5%B8%82%E3%83%BB%E5%89%8D%E5%8E%9F%E8%A5%BF
久保田クリニック,33.63122,130.224309,景點,福岡,西區・小田,"葉祥榮設計／現代建築巡禮
建築家葉祥榮設計的診所，建築迷的巡禮點。
⚠️ 是營業中的診所，不是觀光設施——只在外面看，不要進去也不要影響病患。
福岡県福岡市西区小田51-1 久保田クリニック
建議停留：15 分",google,https://www.google.com/maps/search/?api=1&query=%E4%B9%85%E4%BF%9D%E7%94%B0%E3%82%AF%E3%83%AA%E3%83%8B%E3%83%83%E3%82%AF%20%E8%A5%BF%E5%8D%80%E3%83%BB%E5%B0%8F%E7%94%B0
九州國立博物館,33.518219,130.538463,景點,福岡,太宰府市,"九州国立博物館
亞洲交流史常設展／文化交流展示室
日本第四座國立博物館，主題是日本與亞洲的交流史。與天滿宮之間有電扶梯隧道連通，不用爬坡。
週一休館（遇假日順延）；常設展約 ¥700。
門票：常設展 ¥700
營業：09:30–17:00（週一休）
建議停留：1.5–2 小時",nominatim,https://www.google.com/maps/search/?api=1&query=%E4%B9%9D%E5%B7%9E%E5%9B%BD%E7%AB%8B%E5%8D%9A%E7%89%A9%E9%A4%A8%20%E5%A4%AA%E5%AE%B0%E5%BA%9C%E5%B8%82
住吉神社,33.585754,130.413435,景點,福岡,博多區,"住吉神社 福岡
日本三大住吉之一／現存最古的住吉造本殿（重要文化財）／古代力士像
全國 2,000 多座住吉神社的最初起源，本殿是現存最古的住吉造。就在博多站步行圈內，是一個很安靜的空檔選項。
博多站步行約 12 分；免費。
價位：免費
建議停留：30 分",nominatim,https://www.google.com/maps/search/?api=1&query=%E4%BD%8F%E5%90%89%E7%A5%9E%E7%A4%BE%20%E7%A6%8F%E5%B2%A1%20%E5%8D%9A%E5%A4%9A%E5%8D%80
南藏院（釋迦涅槃像）,33.619838,130.572978,景點,福岡,糟屋郡篠栗町,"南蔵院
全長 41m 青銅臥佛（世界最大級）／七福神トンネル／不動明王
世界最大級的青銅釋迦涅槃像，全長 41 公尺、比自由女神還長。JR 城戶南藏院前站下車就到。
博多搭 JR 篠栗線約 25 分，車站步行 3 分——JR Pass 範圍內，是很容易加進來的半日行程。免費，境內有緩坡但無登山。
價位：免費
營業：07:00–16:30
建議停留：1–1.5 小時",google,https://www.google.com/maps/search/?api=1&query=%E5%8D%97%E8%94%B5%E9%99%A2%20%E7%B3%9F%E5%B1%8B%E9%83%A1%E7%AF%A0%E6%A0%97%E7%94%BA
大濠公園,33.589824,130.375132,景點,福岡,中央區,"環湖步道 2km 平路／日本庭園／湖畔星巴克
福岡城外濠改成的市民公園，與福岡城跡相連，平地散步看水鳥。
日本庭園 ¥250、週一休；冬天湖風冷。
價位：免費（日本庭園 ¥250）
建議停留：1 小時",google,https://www.google.com/maps/search/?api=1&query=%E5%A4%A7%E6%BF%A0%E5%85%AC%E5%9C%92%20%E4%B8%AD%E5%A4%AE%E5%8D%80
太宰府天滿宮,33.52137,130.534824,景點,福岡,太宰府市,"太宰府天満宮
約 200 種 6000 株梅花／御神木 飛梅／樓門與本殿
學問之神菅原道真的總本宮，也是九州最有名的賞梅地；境內梅花 1 月下旬開、2 月中旬見頃。
2/10 屬早咲到中咲交界，飛梅與八重寒紅先開。本殿整修期間為假殿參拜，出發前看官方開花情報。
價位：免費
營業：06:30–18:30（季節調整）
建議停留：1.5 小時",google,https://www.google.com/maps/search/?api=1&query=%E5%A4%AA%E5%AE%B0%E5%BA%9C%E5%A4%A9%E6%BA%80%E5%AE%AE%20%E5%A4%AA%E5%AE%B0%E5%BA%9C%E5%B8%82
寶滿宮 竈門神社,33.528838,130.552531,景點,福岡,太宰府市,"宝満宮竈門神社
結緣神社／設計事務所改建的現代授所／四季景觀
太宰府近郊的結緣神社，因名字聯想而爆紅；下宮在平地即可參拜。
上宮在寶滿山頂需登山 2 小時——本趟只到下宮，不上山。天滿宮搭巴士約 10 分。
價位：免費
建議停留：40 分",google,https://www.google.com/maps/search/?api=1&query=%E5%AE%9D%E6%BA%80%E5%AE%AE%E7%AB%88%E9%96%80%E7%A5%9E%E7%A4%BE%20%E5%A4%AA%E5%AE%B0%E5%BA%9C%E5%B8%82
御花（立花氏庭園）,33.158256,130.398272,景點,福岡,柳川市,"柳川藩主立花邸 御花
松濤園（國家名勝）／西洋館／鰻魚料理與住宿
柳川藩主立花家的宅邸，松濤園是國家指定名勝，館內可吃鰻魚蒸籠飯。
門票：約 ¥1,000
營業：10:00–16:00
建議停留：1–1.5 小時
食べログ 3.42",google,https://www.google.com/maps/search/?api=1&query=%E6%9F%B3%E5%B7%9D%E8%97%A9%E4%B8%BB%E7%AB%8B%E8%8A%B1%E9%82%B8%20%E5%BE%A1%E8%8A%B1%20%E6%9F%B3%E5%B7%9D%E5%B8%82
東長寺,33.595169,130.413907,景點,福岡,博多區,"福岡大佛（日本最大木造坐佛）／五重塔／地獄極樂巡禮
空海在日本開創的第一座密教寺院，木造大佛高 10.8 公尺，在櫛田神社步行圈內。
大佛殿內禁止攝影；地獄極樂通道很暗要小心腳步。
價位：免費（大佛拜觀 ¥50）
營業：09:00–17:00
建議停留：30–40 分",overpass,https://www.google.com/maps/search/?api=1&query=%E6%9D%B1%E9%95%B7%E5%AF%BA%20%E5%8D%9A%E5%A4%9A%E5%8D%80
柳川川下り 松月乘船場,33.167152,130.415402,景點,福岡,柳川市,"柳川川下り 松月乗船場
こたつ舟（冬季限定暖桌遊船）／船夫民謠／水鄉城下町水路
「水鄉柳川」的招牌行程。11 月下旬至 2 月下旬的こたつ舟在船上放暖桌，蓋著棉被遊河是只有冬天才有的體驗。
全程約 70 分、約 ¥1,900；西鐵柳川駅步行約 5 分或搭接駁巴士。假日建議先訂。
價位：約 ¥1,900
營業：09:00–16:00（季節調整）
建議停留：70 分",google,https://www.google.com/maps/search/?api=1&query=%E6%9F%B3%E5%B7%9D%E5%B7%9D%E4%B8%8B%E3%82%8A%20%E6%9D%BE%E6%9C%88%E4%B9%97%E8%88%B9%E5%A0%B4%20%E6%9F%B3%E5%B7%9D%E5%B8%82
櫻井二見浦,33.640495,130.19648,景點,福岡,糸島市,"桜井二見ヶ浦
海中白鳥居與夫婦岩／日本の夕陽百選
糸島海岸線的地標，白色鳥居立在海中，是糸島最出名的拍照點。
無鐵路直達，需自駕或計程車；冬天海風極強。
價位：免費
建議停留：30 分",google,https://www.google.com/maps/search/?api=1&query=%E6%A1%9C%E4%BA%95%E4%BA%8C%E8%A6%8B%E3%83%B6%E6%B5%A6%20%E7%B3%B8%E5%B3%B6%E5%B8%82
櫻井神社（糸島）,33.628159,130.191942,景點,福岡,糸島市・志摩櫻井,"櫻井神社
古木參天／與二見浦同線
歷史悠久、古木參天的神社；桜井二見ヶ浦 夫婦岩是它的社外攝社，兩者本來是一組。
與已在清單裡的「櫻井二見浦」一起排最順。
福岡県糸島市志摩桜井4227
營業：週一–週日 24 小時
建議停留：30 分",google,https://www.google.com/maps/search/?api=1&query=%E6%AB%BB%E4%BA%95%E7%A5%9E%E7%A4%BE%20%E7%B3%B8%E5%B3%B6%E5%B8%82%E3%83%BB%E5%BF%97%E6%91%A9%E6%AB%BB%E4%BA%95
海之中道海濱公園,33.664279,130.3616,景點,福岡,東區,"海の中道海浜公園
2 月水仙／梅園／動物之森
2 月開水仙與梅花的大型海濱公園，JR 香椎線可達，適合當備選的戶外行程。
園區約 300 公頃很大，建議租自行車；冬天海風強。
門票：約 ¥450
營業：09:30–17:30
建議停留：2–3 小時",google,https://www.google.com/maps/search/?api=1&query=%E6%B5%B7%E3%81%AE%E4%B8%AD%E9%81%93%E6%B5%B7%E6%B5%9C%E5%85%AC%E5%9C%92%20%E6%9D%B1%E5%8D%80
福岡マスジド（福岡清真寺）,33.619986,130.4271,景點,福岡,東區・箱崎,"福岡マスジド
福岡的清真寺，九州最主要的禮拜設施之一，附近有清真食材店。
⚠️ 參觀請遵守服裝規定與禮拜時間；非穆斯林入內前先詢問。
清真：礼拝所",google,https://www.google.com/maps/search/?api=1&query=%E7%A6%8F%E5%B2%A1%E3%83%9E%E3%82%B9%E3%82%B8%E3%83%89%20%E6%9D%B1%E5%8D%80%E3%83%BB%E7%AE%B1%E5%B4%8E
福岡城跡・舞鶴公園,33.584599,130.382678,景點,福岡,中央區,"福岡城跡
天守台展望／多聞櫓／2 月梅園
黑田長政的城跡，走平緩步道上天守台即可俯瞰福岡市區，2 月梅園開花。
全區平地與緩坡，無登山；免費開放。
價位：免費
建議停留：1–1.5 小時",manual,https://www.google.com/maps/search/?api=1&query=%E7%A6%8F%E5%B2%A1%E5%9F%8E%E8%B7%A1%20%E4%B8%AD%E5%A4%AE%E5%8D%80
福岡塔,33.593274,130.351486,景點,福岡,中央區・百道濱,"福岡タワー
234m 海濱塔（日本最高）／123m 展望室／冬季燈飾
日本最高的海濱塔，展望室看博多灣與福岡市區夜景；冬季外牆有大型燈飾點燈。
約 ¥800；地鐵西新站步行約 20 分或搭巴士。與 MARK IS ももち、福岡市博物館同一區可排一個下午。
門票：約 ¥800
營業：09:30–22:00
建議停留：1–1.5 小時",nominatim,https://www.google.com/maps/search/?api=1&query=%E7%A6%8F%E5%B2%A1%E3%82%BF%E3%83%AF%E3%83%BC%20%E4%B8%AD%E5%A4%AE%E5%8D%80%E3%83%BB%E7%99%BE%E9%81%93%E6%BF%B1
福岡市博物館,33.589734,130.353073,景點,福岡,中央區・百道濱,"國寶「漢委奴國王」金印／黑田家資料／日本號長槍
館藏國寶金印（漢委奴國王）是日本史課本上的那一顆，就展示在這裡。
約 ¥200；週一休。與福岡塔步行約 10 分。
門票：約 ¥200
營業：09:30–17:30（週一休）
建議停留：1–1.5 小時",nominatim,https://www.google.com/maps/search/?api=1&query=%E7%A6%8F%E5%B2%A1%E5%B8%82%E5%8D%9A%E7%89%A9%E9%A4%A8%20%E4%B8%AD%E5%A4%AE%E5%8D%80%E3%83%BB%E7%99%BE%E9%81%93%E6%BF%B1
糸島のトトロの森（芥屋大門公園）,33.595023,130.10949,景點,福岡,糸島市・志摩芥屋,"糸島のトトロの森
龍貓之森步道／海景展望／芥屋大門
芥屋大門公園內的步道，穿過像龍貓隧道的樹洞後可眺望壯闊玄界灘。
⚠️ 步道是泥土路，雨後濕滑，請穿好走的鞋；冬天日落早，下午 4 點後光線就不夠了。
福岡県糸島市志摩芥屋
營業：週一–週日 24 小時
建議停留：40–60 分",google,https://www.google.com/maps/search/?api=1&query=%E7%B3%B8%E5%B3%B6%E3%81%AE%E3%83%88%E3%83%88%E3%83%AD%E3%81%AE%E6%A3%AE%20%E7%B3%B8%E5%B3%B6%E5%B8%82%E3%83%BB%E5%BF%97%E6%91%A9%E8%8A%A5%E5%B1%8B
雷山千如寺大悲王院,33.494446,130.228718,景點,福岡,糸島市・雷山,"樹齡 400 年大楓樹／紅葉／雪景名所／十一面千手觀音
紅葉與冬季雪景名所，巨型大楓樹極具意境。
⚠️ 2 月是無葉的枯枝期，看的是雪景與寺體本身，不是紅葉；在雷山山腰，冬天路面可能結冰。
福岡県糸島市雷山626
營業：週一–週日 9:00–16:30
建議停留：40–60 分",google,https://www.google.com/maps/search/?api=1&query=%E9%9B%B7%E5%B1%B1%E5%8D%83%E5%A6%82%E5%AF%BA%E5%A4%A7%E6%82%B2%E7%8E%8B%E9%99%A2%20%E7%B3%B8%E5%B3%B6%E5%B8%82%E3%83%BB%E9%9B%B7%E5%B1%B1
香月バス停,33.560987,130.134536,景點,福岡,糸島市・志摩久家,"電影《線》取景地／孤獨公車站
電影《線：愛在相逢時》的取景公車站牌，畫面很有味道。
就是一個公車站，順路經過再停；Google 上可能找不到精確點位。
福岡県糸島市志摩久家
建議停留：10 分",google,https://www.google.com/maps/search/?api=1&query=%E9%A6%99%E6%9C%88%E3%83%90%E3%82%B9%E5%81%9C%20%E7%B3%B8%E5%B3%B6%E5%B8%82%E3%83%BB%E5%BF%97%E6%91%A9%E4%B9%85%E5%AE%B6
出島,32.743286,129.871412,景點,長崎,長崎市,"復原的荷蘭商館建築群／表門橋／蘭學展示
江戶時代日本唯一對外窗口，近年陸續復原了 16 棟建築，是理解長崎為什麼與眾不同的起點。
門票：約 ¥520
營業：08:00–21:00
建議停留：1–1.5 小時",google,https://www.google.com/maps/search/?api=1&query=%E5%87%BA%E5%B3%B6%20%E9%95%B7%E5%B4%8E%E5%B8%82
哥拉巴園,32.734331,129.869189,景點,長崎,長崎市,"グラバー園
舊哥拉巴住宅（世界遺產）／港灣展望／斜行電梯
幕末英商哥拉巴的宅邸群，日本最古的木造西洋建築，可俯瞰長崎港。
園內有斜行電梯與電動步道，不必爬坡；與大浦天主堂相鄰可一起看。
門票：約 ¥620
營業：08:00–18:00
建議停留：1–1.5 小時",google,https://www.google.com/maps/search/?api=1&query=%E3%82%B0%E3%83%A9%E3%83%90%E3%83%BC%E5%9C%92%20%E9%95%B7%E5%B4%8E%E5%B8%82
多姆托倫展望塔,33.084672,129.786059,景點,長崎,佐世保市,"ドムトールン
80m 展望室／俯瞰全園燈海
園內 80 公尺高的象徵塔，展望室可以俯瞰整個園區——看燈海全景的最佳位置，天黑後上去。
含在 1DAY 護照內；有電梯不用爬。
建議停留：30 分",google,https://www.google.com/maps/search/?api=1&query=%E3%83%89%E3%83%A0%E3%83%88%E3%83%BC%E3%83%AB%E3%83%B3%20%E4%BD%90%E4%B8%96%E4%BF%9D%E5%B8%82
大浦天主堂,32.7343,129.8703,景點,長崎,長崎市,"日本現存最古教堂（國寶）／世界遺產「長崎與天草的潛伏基督徒相關遺產」
1864 年建成、日本現存最古的教堂，也是「信徒發現」事件的現場，國寶兼世界遺產。
堂內禁止攝影；就在哥拉巴園入口旁。
門票：約 ¥1,000
營業：08:30–18:00
建議停留：40 分",manual,https://www.google.com/maps/search/?api=1&query=%E5%A4%A7%E6%B5%A6%E5%A4%A9%E4%B8%BB%E5%A0%82%20%E9%95%B7%E5%B4%8E%E5%B8%82
孔子廟・中國歷代博物館,32.735458,129.872615,景點,長崎,長崎市・大浦,"孔子廟 中国歴代博物館
全日本唯一由中國人興建的孔子廟／72 賢人石像／燈會期間點燈
1893 年由清朝政府與華僑共同興建，是全日本唯一由中國人自建的孔子廟；燈會期間也會點燈。
約 ¥660；就在大浦天主堂與哥拉巴園附近，2/7 軍艦島取消時的首選替代。
門票：約 ¥660
營業：09:30–18:00
建議停留：1 小時",nominatim,https://www.google.com/maps/search/?api=1&query=%E5%AD%94%E5%AD%90%E5%BB%9F%20%E4%B8%AD%E5%9B%BD%E6%AD%B4%E4%BB%A3%E5%8D%9A%E7%89%A9%E9%A4%A8%20%E9%95%B7%E5%B4%8E%E5%B8%82%E3%83%BB%E5%A4%A7%E6%B5%A6
崇福寺,32.742494,129.883392,景點,長崎,長崎市,"崇福寺 長崎
國寶第一峰門／國寶大雄寶殿／中國明朝樣式建築
長崎四福寺之一，擁有兩座國寶建築，中國南方樣式保存得最完整。
門票：約 ¥300
營業：08:00–17:00
建議停留：40 分",nominatim,https://www.google.com/maps/search/?api=1&query=%E5%B4%87%E7%A6%8F%E5%AF%BA%20%E9%95%B7%E5%B4%8E%20%E9%95%B7%E5%B4%8E%E5%B8%82
平和公園,32.776397,129.86365,景點,長崎,長崎市,"平和祈念像／和平之泉／原爆落下中心地
原爆落下中心地北側的紀念公園，平和祈念像是長崎的象徵。
與原爆資料館步行約 8 分；全區平地。
價位：免費
建議停留：40 分",google,https://www.google.com/maps/search/?api=1&query=%E5%B9%B3%E5%92%8C%E5%85%AC%E5%9C%92%20%E9%95%B7%E5%B4%8E%E5%B8%82
眼鏡橋,32.747165,129.880102,景點,長崎,長崎市,"日本最古石造拱橋／河岸心形石／燈會會場之一
1634 年架設的日本最古石造拱橋，倒影成眼鏡形；燈會期間河面也布置燈籠。
河岸石階濕滑要小心；找心形石是當地小遊戲。
價位：免費
建議停留：30 分",nominatim,https://www.google.com/maps/search/?api=1&query=%E7%9C%BC%E9%8F%A1%E6%A9%8B%20%E9%95%B7%E5%B4%8E%E5%B8%82
稻佐山展望台,32.752612,129.8495,景點,長崎,長崎市,"稲佐山展望台
世界新三大夜景／360 度展望台／空中纜車
長崎的招牌夜景，被列為世界新三大夜景之一；山頂展望台 360 度全景。
搭纜車（ロープウェイ）或斜行電梯上山，完全不需要爬山。冬天山頂風大、氣溫比市區低 3–5 度。雲霧天視野會全失。
門票：纜車往返約 ¥1,250
營業：纜車約 09:00–22:00
建議停留：1.5 小時",manual,https://www.google.com/maps/search/?api=1&query=%E7%A8%B2%E4%BD%90%E5%B1%B1%E5%B1%95%E6%9C%9B%E5%8F%B0%20%E9%95%B7%E5%B4%8E%E5%B8%82
興福寺,32.7477,129.8828,景點,長崎,長崎市,"興福寺 長崎
日本最古黃檗宗唐寺／朱紅山門／燈會會場之一
1620 年創建的日本最早唐寺，朱紅色山門是長崎唐寺的代表；燈會期間也是會場。
門票：約 ¥300
營業：07:00–17:00
建議停留：40 分",manual,https://www.google.com/maps/search/?api=1&query=%E8%88%88%E7%A6%8F%E5%AF%BA%20%E9%95%B7%E5%B4%8E%20%E9%95%B7%E5%B4%8E%E5%B8%82
荷蘭坂,32.737938,129.873209,景點,長崎,長崎市,"オランダ坂
石板坡道／舊居留地洋館群
舊外國人居留地的石板坡道，長崎異國情調的代表風景。
是坡道但很短（約 5–10 分緩坡），不算健行。
價位：免費
建議停留：20–30 分",google,https://www.google.com/maps/search/?api=1&query=%E3%82%AA%E3%83%A9%E3%83%B3%E3%83%80%E5%9D%82%20%E9%95%B7%E5%B4%8E%E5%B8%82
豪斯登堡,33.08972,129.791892,景點,長崎,佐世保市,"ハウステンボス
光之王國（1,300 萬顆 LED 燈海）／荷蘭街景與運河／多姆托倫展望塔／遊園船與運河巡航
⭐ 2/2 的主行程。日本最大的主題樂園（面積是東京迪士尼的約 1.5 倍），整區複製荷蘭街景與運河；冬季的「光之王國」是日本規模最大的燈飾，1,300 萬顆 LED。白天看荷蘭街景、天黑後整個園區變成燈海——這是一個必須待到晚上的地方。
⚠️ 回程是這天唯一的難題：ハウステンボス→博多 的最後一班直達特急是 18:04（2026 時刻表），而 2 月日落約 18:00、燈海才剛亮。要看燈海就必須用下面任一種回程：
① ハウステンボス→早岐（普通車約 5 分）→ 特急みどり → 博多（みどり 從佐世保／早岐發車比直達車晚，是最實際的方案）
② 高速巴士 ハウステンボス→福岡（天神）直達：約 2 小時 3 分、片道 ¥2,600／往復 ¥5,000，免轉車但一天只有 2 往復，要先訂位（西鐵，可線上預約）
③ 放棄燈海，搭 18:04 直達車回博多
⚠️ 2027 年時刻表要到接近日期才出，出發前務必用 Yahoo 乘換案內或 JR 九州官網重查末班車。
門票：1DAY 護照 ¥7,600（2026）／JR 套票見下
營業：09:00–21:00（季節調整）
建議停留：整天（建議 10:30 入園、待到 20:00 以後）",google,https://www.google.com/maps/search/?api=1&query=%E3%83%8F%E3%82%A6%E3%82%B9%E3%83%86%E3%83%B3%E3%83%9C%E3%82%B9%20%E4%BD%90%E4%B8%96%E4%BF%9D%E5%B8%82
軍艦島（端島）,32.627633,129.738526,景點,長崎,長崎市,"軍艦島 端島
世界遺產 明治工業革命遺產／廢墟集合住宅群／登島導覽
廢棄的海底煤礦人工島，日本最早的鋼筋混凝土集合住宅群，世界遺產。
⚠️ 必須參加登島船 tour（約 2.5–3 小時），冬季因海況取消率高，建議提前 1–2 個月預約並安排備案。島上為平地步道約 40 分。
🚢 五家業者、出港碼頭各不相同，訂票前先確認要去哪個碼頭：
・軍艦島コンシェルジュ＝常盤ターミナル，¥5,500 起，約 165 分
・軍艦島クルーズ㈱＝元船棧橋，¥4,000，約 190 分
・やまさ海運＝長崎港ターミナル，¥4,700 起（有早鳥最多 8 折），約 150 分
・シーマン商会＝旭町棧橋／第 7 ゑびす丸＝野母崎港（團體向）
💰 島內設施使用料 ¥650（小學生 ¥320）所有業者都是另收，2026/4 起由 ¥310 調漲。
⚠️ 部分業者冬季會安排船體檢修停航（例：2026/1/5–1/31），2 月訂票前先看該業者公告。
門票：船票 ¥4,000–5,500＋島內設施使用料 ¥650（2026/4 起調漲）
建議停留：約 3 小時（含航程）",google,https://www.google.com/maps/search/?api=1&query=%E8%BB%8D%E8%89%A6%E5%B3%B6%20%E7%AB%AF%E5%B3%B6%20%E9%95%B7%E5%B4%8E%E5%B8%82
長崎企鵝水族館,32.758177,129.946765,景點,長崎,長崎市・宿町,"長崎ペンギン水族館
世界最多種類的企鵝展示（9 種）／企鵝散步／觸摸池
以企鵝種類世界第一著稱，室內為主。2/7 軍艦島因海況取消時的備案首選之一。
約 ¥520；離市中心較遠，長崎站搭巴士約 30 分。
門票：約 ¥520
營業：09:00–17:00
建議停留：1.5–2 小時",nominatim,https://www.google.com/maps/search/?api=1&query=%E9%95%B7%E5%B4%8E%E3%83%9A%E3%83%B3%E3%82%AE%E3%83%B3%E6%B0%B4%E6%97%8F%E9%A4%A8%20%E9%95%B7%E5%B4%8E%E5%B8%82%E3%83%BB%E5%AE%BF%E7%94%BA
長崎原爆資料館,32.772796,129.864362,景點,長崎,長崎市,"原爆遺物與證言展示／11:02 停止的時鐘
與平和公園一組，是長崎行程裡份量最重的一站。
約 ¥200；館內氣氛沉重，安排在下午較合適。
門票：約 ¥200
營業：08:30–17:30
建議停留：1–1.5 小時",google,https://www.google.com/maps/search/?api=1&query=%E9%95%B7%E5%B4%8E%E5%8E%9F%E7%88%86%E8%B3%87%E6%96%99%E9%A4%A8%20%E9%95%B7%E5%B4%8E%E5%B8%82
長崎新地中華街,32.741465,129.875285,景點,長崎,長崎市,"燈會主會場之一／強棒麵與皿烏龍麵／角煮饅頭
日本三大中華街之一，也是長崎燈會的發源與核心會場，春節期間整條街掛滿極彩色燈籠。
燈會期間（2027/2/5–2/21）晚上極擠；平日白天較好逛。
價位：免費
建議停留：1–1.5 小時",google,https://www.google.com/maps/search/?api=1&query=%E9%95%B7%E5%B4%8E%E6%96%B0%E5%9C%B0%E4%B8%AD%E8%8F%AF%E8%A1%97%20%E9%95%B7%E5%B4%8E%E5%B8%82
長崎水邊之森公園,32.740795,129.868831,景點,長崎,長崎市,"長崎水辺の森公園
港灣草地與水路／女神大橋展望／夜間照明
長崎港邊的大片草地公園，可以坐下來看港與女神大橋，是市區裡少見的開闊空間。
免費、全天開放；與長崎縣美術館相連。
價位：免費
建議停留：40 分",nominatim,https://www.google.com/maps/search/?api=1&query=%E9%95%B7%E5%B4%8E%E6%B0%B4%E8%BE%BA%E3%81%AE%E6%A3%AE%E5%85%AC%E5%9C%92%20%E9%95%B7%E5%B4%8E%E5%B8%82
長崎縣美術館,32.74191,129.870318,景點,長崎,長崎市・出島,"長崎県美術館
隈研吾設計／西班牙美術收藏／屋頂庭園看長崎港
隈研吾設計、跨在運河上的美術館，屋頂庭園免費開放可看長崎港與稻佐山。雨天的好去處。
常設展約 ¥420，週一休；就在出島與水邊之森公園旁。
門票：常設展約 ¥420
營業：10:00–20:00（週一休）
建議停留：1–1.5 小時",google,https://www.google.com/maps/search/?api=1&query=%E9%95%B7%E5%B4%8E%E7%9C%8C%E7%BE%8E%E8%A1%93%E9%A4%A8%20%E9%95%B7%E5%B4%8E%E5%B8%82%E3%83%BB%E5%87%BA%E5%B3%B6
龜山社中紀念館,32.748767,129.886782,景點,長崎,長崎市,"亀山社中記念館
坂本龍馬的日本第一家商社遺址／風頭山展望
坂本龍馬在長崎創立海援隊前身「龜山社中」的舊址。
⚠️ 從路面電車站到館前有一段約 15–20 分的上坡石階，怕爬坡可跳過。
門票：約 ¥310
營業：09:00–17:00
建議停留：40 分",google,https://www.google.com/maps/search/?api=1&query=%E4%BA%80%E5%B1%B1%E7%A4%BE%E4%B8%AD%E8%A8%98%E5%BF%B5%E9%A4%A8%20%E9%95%B7%E5%B4%8E%E5%B8%82
櫻島,31.583333,130.65,景點,鹿兒島,鹿兒島市,"桜島
活火山展望／渡輪 15 分／有村溶岩展望所
鹿兒島灣中的活火山，從市區搭渡輪 15 分就到，是南九州最震撼的地景。
不需登山，展望所都有車道與平緩步道；火山灰視當日風向。
價位：渡輪約 ¥250
建議停留：半天",google,https://www.google.com/maps/search/?api=1&query=%E6%A1%9C%E5%B3%B6%20%E9%B9%BF%E5%85%92%E5%B3%B6%E5%B8%82
柳川雛祭 さげもんめぐり,33.158439,130.394905,祭典,福岡,柳川市,"柳川雛祭り さげもんめぐり
さげもん吊飾展示／お雛様始祭與遊行（2/11）／水上遊行（3 月）
柳川最具代表性的春季祭典，2 月 11 日開幕日有始祭與遊行；さげもん是柳川特有的祈福吊飾。
2027 年開幕日慣例為 2/11（建國紀念日），待柳川市公告確認。展示分散在市內觀光設施與商店街。
價位：免費（部分設施需門票）
建議停留：半天",nominatim,https://www.google.com/maps/search/?api=1&query=%E6%9F%B3%E5%B7%9D%E9%9B%9B%E7%A5%AD%E3%82%8A%20%E3%81%95%E3%81%92%E3%82%82%E3%82%93%E3%82%81%E3%81%90%E3%82%8A%20%E6%9F%B3%E5%B7%9D%E5%B8%82
櫛田神社,33.59307,130.410684,祭典,福岡,博多區,"節分厄除大祭（2/3）／5 公尺大お多福面／博多祇園山笠飾山
博多總鎮守。2 月 3 日節分大祭是本趟在福岡唯一的「限定日」活動，撒豆從 10:00 起每 30 分一次到約 16:00。
大お多福面約 1 月中旬至 2 月中旬設於三處樓門，穿過嘴巴代表招福。節分當天人非常多，建議 9:30 前到。
價位：免費
營業：04:00–22:00（本殿 09:00–17:00）
建議停留：40–60 分",nominatim,https://www.google.com/maps/search/?api=1&query=%E6%AB%9B%E7%94%B0%E7%A5%9E%E7%A4%BE%20%E5%8D%9A%E5%A4%9A%E5%8D%80
光之王國（燈海）,33.085194,129.786121,祭典,長崎,佐世保市,"ハウステンボス 光の王国
1,300 萬顆 LED／光之瀑布／光之極光庭園／冬季限定夜間秀
⭐ 這天的主角。號稱日本第一的燈飾，1,300 萬顆 LED；2 月正是冬季檔期。白天的豪斯登堡是荷蘭街景，晚上完全變成另一個地方——只來白天等於只看一半。
⚠️ 點燈時間：日落～22:00（2 月日落約 18:00）。2026 年冬季檔名為「白銀の世界」，會期 1/10–2/26；2027 年的檔名與會期通常在前一年秋天公告，出發前要再查。部分日期有煙火。
價位：含在 1DAY 護照內
營業：日落–22:00
建議停留：2–3 小時",google,https://www.google.com/maps/search/?api=1&query=%E3%83%8F%E3%82%A6%E3%82%B9%E3%83%86%E3%83%B3%E3%83%9C%E3%82%B9%20%E5%85%89%E3%81%AE%E7%8E%8B%E5%9B%BD%20%E4%BD%90%E4%B8%96%E4%BF%9D%E5%B8%82
長崎燈會 中央公園會場,32.746932,129.877037,祭典,長崎,長崎市,"長崎ランタンフェスティバル 中央公園
皇帝遊行出發／表演舞台／燈籠隧道
燈會另一個大會場，皇帝遊行與媽祖行列等重點表演多在此集結出發。
2027 遊行詳細時刻表約 2026 年 12 月公告；慣例排在初一與會期中的週末。
價位：免費
營業：點燈 17:00–22:00
建議停留：1 小時",google,https://www.google.com/maps/search/?api=1&query=%E9%95%B7%E5%B4%8E%E3%83%A9%E3%83%B3%E3%82%BF%E3%83%B3%E3%83%95%E3%82%A7%E3%82%B9%E3%83%86%E3%82%A3%E3%83%90%E3%83%AB%20%E4%B8%AD%E5%A4%AE%E5%85%AC%E5%9C%92%20%E9%95%B7%E5%B4%8E%E5%B8%82
長崎燈會 湊公園會場,32.7408,129.874645,祭典,長崎,長崎市,"長崎ランタンフェスティバル 湊公園
巨型中國燈籠與生肖燈組／舞台表演／中華攤販
燈會的主會場，最大型的燈組與舞台活動都在這裡，緊鄰新地中華街。
2027 年會期 2/5–2/21，點燈 17:00–22:00（部分會場 12:00 起）。初一與週末最擠。
價位：免費
營業：點燈 17:00–22:00
建議停留：1–1.5 小時",google,https://www.google.com/maps/search/?api=1&query=%E9%95%B7%E5%B4%8E%E3%83%A9%E3%83%B3%E3%82%BF%E3%83%B3%E3%83%95%E3%82%A7%E3%82%B9%E3%83%86%E3%82%A3%E3%83%90%E3%83%AB%20%E6%B9%8A%E5%85%AC%E5%9C%92%20%E9%95%B7%E5%B4%8E%E5%B8%82
あるあるCity,33.8875512,130.8846773,動漫,北九州,小倉北區・小倉站北口,"animate・まんだらけ・駿河屋／北九州市漫畫博物館（5–6F）／7F 活動廳（聲優活動）
小倉站北口的動漫大樓，一整棟都是動漫相關：animate、まんだらけ、駿河屋、扭蛋與模型店，5–6F 是北九州市漫畫博物館。4.1★、4,212 則評論。
小倉站北口空橋直通、步行 3 分。約 11:00–20:00（各店不同）。⚠️ 2/4 從博多往下關／門司港要在小倉轉車，但轉車空檔只有十幾分鐘，逛不了——真的想逛要另外挪半天。
價位：免費入館
營業：約 11:00–20:00（各店不同）
建議停留：1–2 小時",google,https://www.google.com/maps/search/?api=1&query=%E3%81%82%E3%82%8B%E3%81%82%E3%82%8BCity%20%E5%B0%8F%E5%80%89%E5%8C%97%E5%8D%80%E3%83%BB%E5%B0%8F%E5%80%89%E7%AB%99%E5%8C%97%E5%8F%A3
北九州市漫畫博物館,33.8874206,130.8849869,動漫,北九州,小倉北區・小倉站北口,"北九州市漫画ミュージアム
松本零士（銀河鐵道999）常設展／約 7 萬冊漫畫可自由閱讀／北九州出身漫畫家企劃展
以北九州出身的松本零士（銀河鐵道999、宇宙海賊哈洛克）為核心的漫畫博物館，常設展外還有約 7 萬冊漫畫可以無限看。4.2★、1,114 則評論，是九州最正統的一座漫畫館。
⚠️ 週二休館（2/4 是週四，沒問題）。11:00–19:00、18:30 停止入館，常設展約 ¥480。在小倉站北口的「あるあるCity」5–6F，出站空橋直通、不用走到地面。⚠️ 需要 1.5–2 小時，塞不進 2/4 的門司港動線——見備選清單裡的排法建議。
門票：常設展約 ¥480
營業：11:00–19:00（18:30 停止入館，週二休）
建議停留：1.5–2 小時",google,https://www.google.com/maps/search/?api=1&query=%E5%8C%97%E4%B9%9D%E5%B7%9E%E5%B8%82%E6%BC%AB%E7%94%BB%E3%83%9F%E3%83%A5%E3%83%BC%E3%82%B8%E3%82%A2%E3%83%A0%20%E5%B0%8F%E5%80%89%E5%8C%97%E5%8D%80%E3%83%BB%E5%B0%8F%E5%80%89%E7%AB%99%E5%8C%97%E5%8F%A3
銀河鐵道999 星野鐵郎銅像,33.887832,130.8828591,動漫,北九州,小倉北區・小倉站,"銀河鉄道999 星野鉄郎銅像
星野鐵郎銅像／站內另有梅德爾像與車掌長椅
小倉是松本零士的故鄉，小倉站內就放著星野鐵郎銅像。免費、就在站內動線上——2/4 在小倉轉車時花 3 分鐘就能收掉，是這趟最省力的一個動漫點。
⚠️ 不在 1F，在車站上層（空橋／新幹線口層）的通道上。站內另有「999 車掌長椅」與「梅德爾像」，一起看約 10 分。免費、隨時可看。
價位：免費
營業：車站營業時間內
建議停留：5–10 分",google,https://www.google.com/maps/search/?api=1&query=%E9%8A%80%E6%B2%B3%E9%89%84%E9%81%93999%20%E6%98%9F%E9%87%8E%E9%89%84%E9%83%8E%E9%8A%85%E5%83%8F%20%E5%B0%8F%E5%80%89%E5%8C%97%E5%8D%80%E3%83%BB%E5%B0%8F%E5%80%89%E7%AB%99
三麗鷗和諧樂園,33.4001589,131.5468003,動漫,大分,速見郡日出町,"ハーモニーランド
凱蒂貓等三麗鷗角色遊行／戶外遊樂設施與表演／限定商品
⭐ 日本唯一的三麗鷗戶外主題樂園（另一座是室內的東京三麗鷗彩虹樂園），就在大分縣日出町。4.2★、5,047 則評論——喜歡三麗鷗的話這是九州唯一的「本命」。
⚠️⚠️ 兩個大問題：①冬季平日常不營業——12–2 月多為週末與假日限定開園，2/9（週二）極可能休園，務必上 harmonyland.jp 的營業日曆確認。②交通遠：由布院→（久大本線約 1 小時）→大分→（日豐本線約 25 分）→杵築→接駁巴士約 10 分，單程約 2 小時，來回 4 小時。1 日護照約 ¥3,300–3,600（官網／Klook 價差大）。
門票：1 日護照約 ¥3,300–3,600（出發前確認）
營業：約 10:00–17:00（⚠️ 冬季平日多休園，看官網營業日曆）
建議停留：半天以上",google,https://www.google.com/maps/search/?api=1&query=%E3%83%8F%E3%83%BC%E3%83%A2%E3%83%8B%E3%83%BC%E3%83%A9%E3%83%B3%E3%83%89%20%E9%80%9F%E8%A6%8B%E9%83%A1%E6%97%A5%E5%87%BA%E7%94%BA
進擊的巨人 in HITA 博物館,33.2476101,130.9720758,動漫,大分,日田市・大山町,"進撃の巨人 in HITA ミュージアム
諫山創原畫與設定資料／作者出身地企劃展／限定商品
諫山創出身地的官方博物館，在大山水壩旁的道の駅「水辺の郷おおやま」內。4.3★、1,603 則評論，與大山水壩銅像車程 3 分，兩個一起走才完整。
⚠️ 約 10:00–17:00，需門票（出發前上 shingeki-hita.com 確認票價與休館日）。與大山水壩銅像同一區，含交通要留半天。
營業：約 10:00–17:00（官網確認）
建議停留：1 小時",google,https://www.google.com/maps/search/?api=1&query=%E9%80%B2%E6%92%83%E3%81%AE%E5%B7%A8%E4%BA%BA%20in%20HITA%20%E3%83%9F%E3%83%A5%E3%83%BC%E3%82%B8%E3%82%A2%E3%83%A0%20%E6%97%A5%E7%94%B0%E5%B8%82%E3%83%BB%E5%A4%A7%E5%B1%B1%E7%94%BA
進擊的巨人 in HITA 博物館 ANNEX,33.2986117,130.9435722,動漫,大分,日田市・高瀬,"進撃の巨人 in HITAミュージアムANNEX
分館展示與影片放映／札幌啤酒九州日田工廠腹地內
本館的分館，4.5★（548 則）評價比本館還高，開到 19:00。位置比大山町近得多——距日田站約 5 km，是「不想跑大山町、但想看一點」的折衷選項。
在札幌啤酒九州日田工廠腹地內（日田市高瀬）。⚠️ 距日田站約 5 km，仍需巴士或計程車約 10–15 分。約 10:00–19:00，出發前上 shingeki-hita.com 確認。
營業：約 10:00–19:00（官網確認）
建議停留：40 分",google,https://www.google.com/maps/search/?api=1&query=%E9%80%B2%E6%92%83%E3%81%AE%E5%B7%A8%E4%BA%BA%20in%20HITA%E3%83%9F%E3%83%A5%E3%83%BC%E3%82%B8%E3%82%A2%E3%83%A0ANNEX%20%E6%97%A5%E7%94%B0%E5%B8%82%E3%83%BB%E9%AB%98%E7%80%AC
進擊的巨人 大山水壩銅像,33.2434582,130.9574765,動漫,大分,日田市・大山町,"進撃の巨人 大山ダム銅像
艾連・米卡莎・阿爾敏三人銅像／以大山水壩當「牆」的原景
⭐ 進擊的巨人聖地巡禮的正主：作者諫山創童年看著大山水壩想像出「牆」，水壩下就立著艾連、米卡莎、阿爾敏抬頭望牆的三人銅像。4.4★、1,781 則評論，免費、24 小時。
⚠️ 交通是難點：在日田市大山町，距日田站約 12 km。日田巴士「大山線」約 35 分（班次少），或計程車單程約 20–25 分。現場沒有廁所，先在道の駅 水辺の郷おおやま 解決（也是博物館所在地，車程 3 分）。
價位：免費
營業：24 小時
建議停留：30 分",google,https://www.google.com/maps/search/?api=1&query=%E9%80%B2%E6%92%83%E3%81%AE%E5%B7%A8%E4%BA%BA%20%E5%A4%A7%E5%B1%B1%E3%83%80%E3%83%A0%E9%8A%85%E5%83%8F%20%E6%97%A5%E7%94%B0%E5%B8%82%E3%83%BB%E5%A4%A7%E5%B1%B1%E7%94%BA
進擊的巨人 里維兵士長像,33.3168,130.9383166,動漫,大分,日田市・日田站前,"進撃の巨人 リヴァイ兵士長像
里維兵士長銅像／日田站前廣場
《進擊的巨人》作者諫山創是日田市大山町出身，日田站前就立著里維兵士長銅像。4.6★、279 則評論。免費、24 小時，就在站前廣場——2/9 A 案下日田站直接看得到，零繞路。
日田市元町（日田站前）。免費、隨時可看，約 5–10 分。💡 站內觀光案內所有「進撃の巨人 in HITA」的巡禮地圖與周邊。
價位：免費
營業：24 小時
建議停留：5–10 分",google,https://www.google.com/maps/search/?api=1&query=%E9%80%B2%E6%92%83%E3%81%AE%E5%B7%A8%E4%BA%BA%20%E3%83%AA%E3%83%B4%E3%82%A1%E3%82%A4%E5%85%B5%E5%A3%AB%E9%95%B7%E5%83%8F%20%E6%97%A5%E7%94%B0%E5%B8%82%E3%83%BB%E6%97%A5%E7%94%B0%E7%AB%99%E5%89%8D
JUMP SHOP 福岡店,33.5900206,130.4111575,動漫,福岡,博多區・中洲,"海賊王・鬼滅之刃・咒術迴戰／少年 JUMP 官方商品／與 Sanrio Gallery 同一層
集英社少年 JUMP 官方店，海賊王、鬼滅、咒術、排球少年的官方商品都在這裡，是福岡最集中的少年漫畫商品點。
在運河城博多 OPA B1F，與 Sanrio Gallery 同一層、走 20 秒。⚠️ 另一家在ららぽーと福岡 3F（跟 ν 鋼彈同一棟），兩家不必都去。約 10:00–21:00。
營業：10:00–21:00
建議停留：30 分",google,https://www.google.com/maps/search/?api=1&query=JUMP%20SHOP%20%E7%A6%8F%E5%B2%A1%E5%BA%97%20%E5%8D%9A%E5%A4%9A%E5%8D%80%E3%83%BB%E4%B8%AD%E6%B4%B2
Sanrio Gallery 運河城博多店,33.58976,130.411229,動漫,福岡,博多區・中洲,"Sanrio Gallery キャナルシティ博多店
福岡最大的三麗鷗店／限定商品與扭蛋／與 JUMP SHOP 同一層
福岡規模最大的三麗鷗直營店，在運河城博多的 OPA センターウォーク北側 B1F。⭐ 關鍵是 JUMP SHOP 福岡店就在同一層，一次逛完三麗鷗＋少年 JUMP 兩家。
行程 2/3 下午已經排了博多運河城，走到 B1 就是，零繞路。約 10:00–21:00。
營業：10:00–21:00
建議停留：30–40 分",google,https://www.google.com/maps/search/?api=1&query=Sanrio%20Gallery%20%E3%82%AD%E3%83%A3%E3%83%8A%E3%83%AB%E3%82%B7%E3%83%86%E3%82%A3%E5%8D%9A%E5%A4%9A%E5%BA%97%20%E5%8D%9A%E5%A4%9A%E5%8D%80%E3%83%BB%E4%B8%AD%E6%B4%B2
animate 福岡PARCO店,33.5909156,130.3987274,動漫,福岡,中央區・天神,"アニメイト福岡パルコ
九州最大的 animate／同層有 Snoopy 與拉拉熊專櫃／常設作品立牌與特設展區
九州規模最大的 animate（2,876 則評論、4.2★），在天神福岡PARCO 本館 8F。同一層還有 Kids Land、Snoopy 與拉拉熊專櫃，動漫＋角色商品一次掃完。
天神地下街走上來就到，與三麗鷗天神地下街店步行 3 分。約 10:00–20:30。💡 想找二手・絕版・賽璐璐畫的話，走 5 分到大名的まんだらけ福岡店。
營業：10:00–20:30
建議停留：40–60 分",google,https://www.google.com/maps/search/?api=1&query=%E3%82%A2%E3%83%8B%E3%83%A1%E3%82%A4%E3%83%88%E7%A6%8F%E5%B2%A1%E3%83%91%E3%83%AB%E3%82%B3%20%E4%B8%AD%E5%A4%AE%E5%8D%80%E3%83%BB%E5%A4%A9%E7%A5%9E
まんだらけ 福岡店,33.5901747,130.3937289,動漫,福岡,中央區・大名,"二手・絕版動漫商品／老玩具與模型／同人與賽璐璐畫
中野本店同一集團的九州店，賣的是 animate 沒有的東西——絕版玩具、老模型、賽璐璐畫。4.2★、3,309 則評論，是天神一帶評價最高的動漫店。
在天神隔一條的大名（グランドビル 1F），從福岡PARCO 步行約 5 分。約 12:00–20:00。⚠️ 是二手店，價格與品項每天不同，想找特定東西不一定有。
營業：12:00–20:00
建議停留：30–45 分",google,https://www.google.com/maps/search/?api=1&query=%E3%81%BE%E3%82%93%E3%81%A0%E3%82%89%E3%81%91%20%E7%A6%8F%E5%B2%A1%E5%BA%97%20%E4%B8%AD%E5%A4%AE%E5%8D%80%E3%83%BB%E5%A4%A7%E5%90%8D
三麗鷗 博多阪急店,33.5893859,130.4200143,動漫,福岡,博多區・博多站,"サンリオ 博多阪急店
凱蒂貓與酷洛米商品／百貨內專櫃
博多站內博多阪急 7F 的三麗鷗專櫃，位置最方便——回程日在站內買伴手禮時順手就逛到。
⚠️ 是百貨專櫃、規模小（Google 評論常提到「很小一櫃」），要買齊建議去天神地下街店或運河城的 Sanrio Gallery。約 10:00–20:00。
營業：10:00–20:00
建議停留：15–20 分",google,https://www.google.com/maps/search/?api=1&query=%E3%82%B5%E3%83%B3%E3%83%AA%E3%82%AA%20%E5%8D%9A%E5%A4%9A%E9%98%AA%E6%80%A5%E5%BA%97%20%E5%8D%9A%E5%A4%9A%E5%8D%80%E3%83%BB%E5%8D%9A%E5%A4%9A%E7%AB%99
三麗鷗 天神地下街店,33.5914372,130.3986175,動漫,福岡,中央區・天神,"サンリオ 天神地下街店
凱蒂貓・酷洛米・美樂蒂／地下街店・不用出地面
天神地下街裡的三麗鷗店，2025/9 才重新開幕。行程已經排了兩次天神地下街，這家完全零繞路，而且 2 月天神地面很冷，地下街最舒服。
⚠️ 在地下街「東 2 番街 304 号」，位置偏後段，Google 評論有人反映定位跟實際入口有落差，進地下街後看指標找「東 2 番街」。約 10:00–20:00。
營業：10:00–20:00
建議停留：20–30 分",google,https://www.google.com/maps/search/?api=1&query=%E3%82%B5%E3%83%B3%E3%83%AA%E3%82%AA%20%E5%A4%A9%E7%A5%9E%E5%9C%B0%E4%B8%8B%E8%A1%97%E5%BA%97%20%E4%B8%AD%E5%A4%AE%E5%8D%80%E3%83%BB%E5%A4%A9%E7%A5%9E
三麗鷗角色夢幻樂園,33.5950969,130.3637518,動漫,福岡,中央區・地行濱,"サンリオキャラクターズ ドリーミングパーク
三麗鷗室內主題設施／拍照打卡空間／限定商品店
2023 年開幕的三麗鷗室內主題設施，在福岡巨蛋旁的 BOSS E・ZO FUKUOKA 7F。是九州除了大分ハーモニーランド 以外唯一的三麗鷗「樂園型」設施，而且全室內，2 月天氣差也不受影響。
⚠️ 位置在地行濱（福岡PayPayドーム 旁），地鐵唐人町站步行約 12 分，不在博多／天神步行圈——要專程去一趟。約 10:00–19:00。入場需付費（E・ZO 單館券），出發前上 e-zofukuoka.com 確認當日營業與票價。
營業：約 10:00–19:00（依官網）
建議停留：1.5–2 小時",google,https://www.google.com/maps/search/?api=1&query=%E3%82%B5%E3%83%B3%E3%83%AA%E3%82%AA%E3%82%AD%E3%83%A3%E3%83%A9%E3%82%AF%E3%82%BF%E3%83%BC%E3%82%BA%20%E3%83%89%E3%83%AA%E3%83%BC%E3%83%9F%E3%83%B3%E3%82%B0%E3%83%91%E3%83%BC%E3%82%AF%20%E4%B8%AD%E5%A4%AE%E5%8D%80%E3%83%BB%E5%9C%B0%E8%A1%8C%E6%BF%B1
實物大 ν 鋼彈立像,33.5657052,130.4412874,動漫,福岡,博多區・那珂（ららぽーと福岡）,"実物大νガンダム立像
24.8m 實物大 RX-93ff ν 鋼彈／免費、24 小時可看／夜間點燈與演出
⭐ 全九州最強的動漫地標：24.8 公尺高的實物大 ν 鋼彈立像，全世界唯一一座。4.6★、15,176 則評論——福岡動漫類評價最高的地點，而且完全免費、24 小時都在。
在ららぽーと福岡（博多區那珂 6-23-1）。⚠️ 不在博多站步行圈：JR 鹿兒島本線博多→竹下 1 站約 3 分＋步行 9 分，或博多巴士總站搭西鐵巴士約 20 分直達。同棟還有ガンダムパーク福岡（1F）與 JUMP SHOP ららぽーと店（3F）。晚上有點燈與音樂演出，冬天天黑得早，17:30 後來看夜版最值得。
價位：免費
營業：24 小時（立像本體）
建議停留：30 分（單看立像）／2 小時（含鋼彈公園）",google,https://www.google.com/maps/search/?api=1&query=%E5%AE%9F%E7%89%A9%E5%A4%A7%CE%BD%E3%82%AC%E3%83%B3%E3%83%80%E3%83%A0%E7%AB%8B%E5%83%8F%20%E5%8D%9A%E5%A4%9A%E5%8D%80%E3%83%BB%E9%82%A3%E7%8F%82%EF%BC%88%E3%82%89%E3%82%89%E3%81%BD%E3%83%BC%E3%81%A8%E7%A6%8F%E5%B2%A1%EF%BC%89
寶可夢中心 福岡,33.5890033,130.4192564,動漫,福岡,博多區・博多站,"ポケモンセンターフクオカ
九州唯一的官方寶可夢中心／福岡限定商品／巨大皮卡丘與拍照點
九州唯一一家官方 Pokémon Center，就在博多站旁的博多マルイ 8F——從 JR 博多站走過去約 3 分鐘，是整趟行程裡最不用繞路的寶可夢點。
⚠️ 不在 AMU PLAZA，是隔一棟的「博多マルイ（KITTE 博多）8F」——很多人會走錯。約 10:00–21:00，與博多阪急同一個街區，回程日買伴手禮時一起收掉最順。
營業：10:00–21:00
建議停留：30–45 分",google,https://www.google.com/maps/search/?api=1&query=%E3%83%9D%E3%82%B1%E3%83%A2%E3%83%B3%E3%82%BB%E3%83%B3%E3%82%BF%E3%83%BC%E3%83%95%E3%82%AF%E3%82%AA%E3%82%AB%20%E5%8D%9A%E5%A4%9A%E5%8D%80%E3%83%BB%E5%8D%9A%E5%A4%9A%E7%AB%99
福岡麵包超人兒童博物館,33.5951049,130.4058425,動漫,福岡,博多區・中洲川端,"福岡アンパンマンこどもミュージアムinモール
麵包超人室內遊戲區／每日舞台演出／限定商品與果醬爺爺麵包工房
博多リバレインモール 5–6F 的麵包超人博物館，全室內。中洲川端站直通，是雨天／冷天的室內備案。
⚠️ 客群是學齡前小孩，成人動漫迷的滿足度不高（門票約 ¥2,000、含 1 份紀念品）。約 10:00–17:00。行程沒有排——列在這裡是因為它就在 2/3 與 2/12 的中洲動線上，臨時想去 20 分鐘內到得了。
門票：約 ¥2,000（含紀念品）
營業：10:00–17:00
建議停留：2–3 小時",google,https://www.google.com/maps/search/?api=1&query=%E7%A6%8F%E5%B2%A1%E3%82%A2%E3%83%B3%E3%83%91%E3%83%B3%E3%83%9E%E3%83%B3%E3%81%93%E3%81%A9%E3%82%82%E3%83%9F%E3%83%A5%E3%83%BC%E3%82%B8%E3%82%A2%E3%83%A0in%E3%83%A2%E3%83%BC%E3%83%AB%20%E5%8D%9A%E5%A4%9A%E5%8D%80%E3%83%BB%E4%B8%AD%E6%B4%B2%E5%B7%9D%E7%AB%AF
鋼彈公園福岡,33.5650059,130.4414037,動漫,福岡,博多區・那珂（ららぽーと福岡）,"ガンダムパーク福岡
GUNDAM SIDE-F（鋼彈模型旗艦店）／VS PARK 體感遊戲／namco 遊戲區
ν 鋼彈立像同一棟 1F 的鋼彈綜合設施，GUNDAM SIDE-F 是九州最大的鋼彈模型店（4.4★），限定鋼普拉與福岡限定盒繪都在這裡。
與實物大 ν 鋼彈立像同棟（ららぽーと福岡 1F），約 10:00–21:00。⚠️ 商店免費入場，體感遊戲區（VS PARK 等）另收費。
營業：10:00–21:00
建議停留：1–1.5 小時",google,https://www.google.com/maps/search/?api=1&query=%E3%82%AC%E3%83%B3%E3%83%80%E3%83%A0%E3%83%91%E3%83%BC%E3%82%AF%E7%A6%8F%E5%B2%A1%20%E5%8D%9A%E5%A4%9A%E5%8D%80%E3%83%BB%E9%82%A3%E7%8F%82%EF%BC%88%E3%82%89%E3%82%89%E3%81%BD%E3%83%BC%E3%81%A8%E7%A6%8F%E5%B2%A1%EF%BC%89
animate 長崎店,32.7444777,129.8771493,動漫,長崎,長崎市・濱町,"アニメイト長崎
長崎唯一的 animate／商店街內・有頂棚
長崎唯一一家 animate，就開在濱町商店街的大樓 3F。行程 2/5 傍晚已經排了濱町商店街，走進去就是，零繞路。
⚠️ 在商店街一棟大樓的 3F，入口不明顯（Google 評論多人反映找很久），看到「浜町 1-10」的大樓招牌再上樓。店面不大，約 10:00–20:00。
營業：10:00–20:00
建議停留：20–30 分",google,https://www.google.com/maps/search/?api=1&query=%E3%82%A2%E3%83%8B%E3%83%A1%E3%82%A4%E3%83%88%E9%95%B7%E5%B4%8E%20%E9%95%B7%E5%B4%8E%E5%B8%82%E3%83%BB%E6%BF%B1%E7%94%BA
武雄溫泉 樓門・元湯,33.196279,130.014693,溫泉,佐賀,武雄市,"武雄温泉 楼門
1915 年朱紅樓門（重要文化財）／元湯（百年公共浴場）
辰野金吾設計的朱紅樓門，旁邊的元湯是仍在營業的百年公共浴場，泡湯只要 ¥500 上下。
若長崎往由布院那天想在武雄溫泉停留 1–2 小時，這裡是最順的選擇。
門票：元湯約 ¥500
營業：06:30–21:00
建議停留：1–1.5 小時",nominatim,https://www.google.com/maps/search/?api=1&query=%E6%AD%A6%E9%9B%84%E6%B8%A9%E6%B3%89%20%E6%A5%BC%E9%96%80%20%E6%AD%A6%E9%9B%84%E5%B8%82
下ん湯（金鱗湖畔共同浴場）,33.267266,131.369088,溫泉,大分,由布市・金鱗湖,"下ん湯
金鱗湖畔的百年共同浴場，茅草屋頂、湖光就在窗外——旅館之外想多泡一個湯的首選。
⚠️ 混浴（男女共用），無人管理、投錢入箱自助入浴，更衣空間極簡。不介意的話這是由布院最有味道的湯。
價位：¥300
建議停留：30 分",nominatim,https://www.google.com/maps/search/?api=1&query=%E4%B8%8B%E3%82%93%E6%B9%AF%20%E7%94%B1%E5%B8%83%E5%B8%82%E3%83%BB%E9%87%91%E9%B1%97%E6%B9%96
乙丸溫泉館,33.264149,131.358195,溫泉,大分,由布市・由布院站周邊,"乙丸温泉館
由布院站步行圈的公共浴場，當地人日常在泡的湯，¥200 就能進。
⚠️ 座標是「由布院站周邊」的區域概略位置（OSM 查不到節點），到現場請用 popup 的 Google Maps 連結導航。男女分浴。
價位：¥200
建議停留：30 分",google,https://www.google.com/maps/search/?api=1&query=%E4%B9%99%E4%B8%B8%E6%B8%A9%E6%B3%89%E9%A4%A8%20%E7%94%B1%E5%B8%83%E5%B8%82%E3%83%BB%E7%94%B1%E5%B8%83%E9%99%A2%E7%AB%99%E5%91%A8%E9%82%8A
黑川溫泉,33.077713,131.141938,溫泉,熊本,南小國町,"黒川温泉
入湯手形（3 湯巡禮）／雜木林裡的露天風呂／冬季雪景
九州最有氣氛的溫泉聚落，整個村子當成一間旅館經營，入湯手形可巡三家露天風呂。
⚠️ 博多搭高速巴士約 2 小時 40 分–3 小時，且班次少；JR 到不了。若要去必須住一晚，會多一次換宿。
門票：入湯手形約 ¥1,500
建議停留：住 1 晚",overpass,https://www.google.com/maps/search/?api=1&query=%E9%BB%92%E5%B7%9D%E6%B8%A9%E6%B3%89%20%E5%8D%97%E5%B0%8F%E5%9C%8B%E7%94%BA
指宿 砂蒸溫泉,31.229794,130.651914,溫泉,鹿兒島,指宿市,"指宿 砂むし温泉
天然砂蒸風呂／海岸線砂浴
世界少見的天然砂蒸溫泉，躺在海邊被熱砂埋起來，冬天最舒服。
鹿兒島中央搭觀光列車「指宿のたまて箱」約 50 分（需指定席預約）；約 ¥1,100。
門票：約 ¥1,100
營業：08:30–20:30
建議停留：1.5 小時",nominatim,https://www.google.com/maps/search/?api=1&query=%E6%8C%87%E5%AE%BF%20%E7%A0%82%E3%82%80%E3%81%97%E6%B8%A9%E6%B3%89%20%E6%8C%87%E5%AE%BF%E5%B8%82
AMU PLAZA 小倉,33.886673,130.881887,購物,北九州,北九州市・小倉,"アミュプラザ小倉
小倉站直結／西館＋東館／漫畫博物館同棟
小倉站直結的購物中心，2/4 從門司港回程在小倉轉車時可順逛；同棟有北九州市漫畫博物館。
約 10:00–20:00。
營業：10:00–20:00
建議停留：1–1.5 小時",nominatim,https://www.google.com/maps/search/?api=1&query=%E3%82%A2%E3%83%9F%E3%83%A5%E3%83%97%E3%83%A9%E3%82%B6%E5%B0%8F%E5%80%89%20%E5%8C%97%E4%B9%9D%E5%B7%9E%E5%B8%82%E3%83%BB%E5%B0%8F%E5%80%89
旦過市場,33.881162,130.879482,購物,北九州,北九州市,"北九州的廚房／糠漬（ぬか炊き）／小倉在地小吃
小倉的百年市場，被稱作「北九州的廚房」；名物是青花魚糠漬。
多數攤 10:00–18:00、週日多休；近年火災後部分區域改建中。
建議停留：1 小時",nominatim,https://www.google.com/maps/search/?api=1&query=%E6%97%A6%E9%81%8E%E5%B8%82%E5%A0%B4%20%E5%8C%97%E4%B9%9D%E5%B7%9E%E5%B8%82
湯之坪街道,33.266092,131.363212,購物,大分,由布市,"湯の坪街道
伴手禮與雜貨店／金賞可樂餅・布丁・霜淇淋／Floral Village
由布院駅到金鱗湖之間的主街，兩側都是小店與小吃，是由布院最熱鬧的一段。
⚠️ 多數店 09:00–17:30 就打烊——由布院的夜晚屬於旅館，不要指望晚上逛街。
建議停留：1.5 小時",nominatim,https://www.google.com/maps/search/?api=1&query=%E6%B9%AF%E3%81%AE%E5%9D%AA%E8%A1%97%E9%81%93%20%E7%94%B1%E5%B8%83%E5%B8%82
由布院 由布見通り,33.264966,131.358709,購物,大分,由布市,"由布院站前主街／正對由布岳的街景／工藝與伴手禮店
由布院站正前方的街道，正對由布岳，是湯之坪街道以外的另一條動線，人明顯比湯之坪少。
多數店 09:00–17:30。
建議停留：40 分",google,https://www.google.com/maps/search/?api=1&query=%E7%94%B1%E5%B8%83%E9%99%A2%20%E7%94%B1%E5%B8%83%E8%A6%8B%E9%80%9A%E3%82%8A%20%E7%94%B1%E5%B8%83%E5%B8%82
櫻之馬場 城彩苑,32.803671,130.703756,購物,熊本,熊本市,"桜の馬場 城彩苑
江戶風商店街／熊本鄉土料理／湧湧座（歷史文化體驗）
熊本城下的重現街區，一次吃齊馬肉、太平燕、辛子蓮根等熊本名物。
營業：09:00–18:00
建議停留：1–1.5 小時",google,https://www.google.com/maps/search/?api=1&query=%E6%A1%9C%E3%81%AE%E9%A6%AC%E5%A0%B4%20%E5%9F%8E%E5%BD%A9%E8%8B%91%20%E7%86%8A%E6%9C%AC%E5%B8%82
#FR2 福岡,33.586524,130.39704,購物,福岡,中央區・大名,"兔頭 T／地區限定款
★★ 各店常有地區限定圖案，福岡限定款只有這裡買得到。
福岡県福岡市中央区大名1-1-3 石井ビル 1階 101
營業：週一–週日 11:00–20:00
建議停留：15 分",google,https://www.google.com/maps/search/?api=1&query=%23FR2%20%E7%A6%8F%E5%B2%A1%20%E4%B8%AD%E5%A4%AE%E5%8D%80%E3%83%BB%E5%A4%A7%E5%90%8D
1834 FUKUOKA,33.589675,130.41361,購物,福岡,博多區・博多站前,"1834
LIGHT YEARS 同體系／預約制空間
LIGHT YEARS 體系的預約制空間。
⚠️ 需事前向 LIGHT YEARS 預約才能入場。Google 上查不到 1834 的獨立點位，這個圖釘是 LIGHT YEARS 本店的位置——請以預約時對方給的地址為準。
福岡県福岡市博多区博多駅前3-30-5
營業：週一–週日 11:00–19:00
建議停留：30–45 分",google,https://www.google.com/maps/search/?api=1&query=1834%20%E5%8D%9A%E5%A4%9A%E5%8D%80%E3%83%BB%E5%8D%9A%E5%A4%9A%E7%AB%99%E5%89%8D
Artwork Fukuoka,33.58544,130.396414,購物,福岡,中央區・今泉,"artwork
Factory-market 的女裝線／與 DICE&DICE 同區
★★★★★ Factory-market 的女裝店，和 DICE&DICE 在同一區域，順路。
🗓 定休：週三——本行程在福岡的日子是 2/1(一)、2/2(二)、2/3(三)、2/4(四)、2/10(三)、2/11(四)、2/12(五)，排行程時避開。　店名很通用，導航請認地址不要只認店名。
福岡県福岡市中央区今泉2-5-11 カンファービル 1F
營業：週一–週二 12:00–19:30｜週四–週五 12:00–19:30｜週六–週日 11:00–19:30｜週三休
建議停留：20–30 分",google,https://www.google.com/maps/search/?api=1&query=artwork%20%E4%B8%AD%E5%A4%AE%E5%8D%80%E3%83%BB%E4%BB%8A%E6%B3%89
BAPE STORE 福岡,33.587119,130.39485,購物,福岡,中央區・大名,"BAPE STORE FUKUOKA
A Bathing Ape／鯊魚帽 T
★★★ 經典猿人頭，日本本地價與台灣代理價差距大。
福岡県福岡市中央区大名1-11-28
營業：週一–週日 11:00–19:00
建議停留：20–30 分",google,https://www.google.com/maps/search/?api=1&query=BAPE%20STORE%20FUKUOKA%20%E4%B8%AD%E5%A4%AE%E5%8D%80%E3%83%BB%E5%A4%A7%E5%90%8D
BILLYS 福岡,33.586533,130.397208,購物,福岡,中央區・大名,"BILLYS ENT 福岡店
老牌連鎖鞋店／與 UPTOWN、#FR2 緊鄰
★★ 球鞋連鎖老店，和 UPTOWN、#FR2 就在隔壁，三家一起掃最省時間。
福岡県福岡市中央区大名1-1-2
營業：週一–週日 11:00–20:00
建議停留：15–20 分",google,https://www.google.com/maps/search/?api=1&query=BILLYS%20ENT%20%E7%A6%8F%E5%B2%A1%E5%BA%97%20%E4%B8%AD%E5%A4%AE%E5%8D%80%E3%83%BB%E5%A4%A7%E5%90%8D
BIOTOP 福岡,33.582698,130.382143,購物,福岡,中央區・赤坂,"BIOTOP FUKUOKA
GUIDI／The Row／HYKE／AURALEE／植物＋咖啡
板友評 ★（私心 5 星）：服飾選貨＋植物＋咖啡的複合空間，逛累了可以直接在裡面吃下午茶。
與工藝風向相鄰。
福岡県福岡市中央区赤坂2-6-30 2F
營業：週一–週日 10:00–19:00
建議停留：45–60 分",google,https://www.google.com/maps/search/?api=1&query=BIOTOP%20FUKUOKA%20%E4%B8%AD%E5%A4%AE%E5%8D%80%E3%83%BB%E8%B5%A4%E5%9D%82
Chrome Hearts 福岡,33.587492,130.39608,購物,福岡,中央區・大名,"クロムハーツ 福岡
銀飾之王／大名旗艦店
★★★ 大名旗艦店（大丸東館 2F 另有櫃位）。
⚠️ 人氣款需預約或抽選，直接走進去多半只能看不能買。
福岡県福岡市中央区大名1-14-8 バルビゾン93
營業：週一–週五 12:00–20:00｜週六–週日 11:00–20:00
建議停留：20–30 分",google,https://www.google.com/maps/search/?api=1&query=%E3%82%AF%E3%83%AD%E3%83%A0%E3%83%8F%E3%83%BC%E3%83%84%20%E7%A6%8F%E5%B2%A1%20%E4%B8%AD%E5%A4%AE%E5%8D%80%E3%83%BB%E5%A4%A7%E5%90%8D
Comme des Garçons 福岡,33.592192,130.399528,購物,福岡,中央區・天神,"コムデギャルソン 福岡
CdG 全線／建築式店面
★★★★★ 板友特別點名店面外觀極具設計感，鄰近 NEPENTHES。
⚠️ 板友文中「鄰近 NEPENTHES」的博多駅前獨立店，Google 已標示永久歇業；這裡指的是目前營業中的天神店（天神1-12-20）。岩田屋本店 1F 另有 PLAY 專櫃。
福岡県福岡市中央区天神1-12-20 日之出天神ビルディング
營業：週一–週日 10:00–20:00
建議停留：30–40 分",google,https://www.google.com/maps/search/?api=1&query=%E3%82%B3%E3%83%A0%E3%83%87%E3%82%AE%E3%83%A3%E3%83%AB%E3%82%BD%E3%83%B3%20%E7%A6%8F%E5%B2%A1%20%E4%B8%AD%E5%A4%AE%E5%8D%80%E3%83%BB%E5%A4%A9%E7%A5%9E
DESCENTE 福岡,33.590739,130.399967,購物,福岡,中央區・天神,"ALLTERRAIN 支線／水沢羽絨
★★★ 日本頂級機能品牌，主推 ALLTERRAIN；水沢ダウン 冬天在福岡買正是當季。
福岡県福岡市中央区天神1-11-11 ONE FUKUOKA BLDG 4F
營業：週一–週五 11:00–20:00｜週六–週日 10:00–20:00
建議停留：20–30 分",google,https://www.google.com/maps/search/?api=1&query=DESCENTE%20%E7%A6%8F%E5%B2%A1%20%E4%B8%AD%E5%A4%AE%E5%8D%80%E3%83%BB%E5%A4%A9%E7%A5%9E
DICE & DICE,33.585262,130.396522,購物,福岡,中央區・今泉,"DICE&DICE
Graphpaper／YAECA／BATONER／New Balance TDS 店中店
★★★★★ 天神一帶最完整的日系選貨店，Graphpaper、YAECA、BATONER 都在同一層；店內還有 New Balance TDS 店中店與 Wounderkammer。
同一區塊還有 Factory-market 與 Artwork，可以一次逛完。
福岡県福岡市中央区今泉2-1-43 DXD bldg 1F&2F
營業：週一–週四 13:00–18:00｜週五 13:00–19:00｜週六 12:00–19:00｜週日 12:00–18:00
建議停留：40–60 分",google,https://www.google.com/maps/search/?api=1&query=DICE%26DICE%20%E4%B8%AD%E5%A4%AE%E5%8D%80%E3%83%BB%E4%BB%8A%E6%B3%89
F.I.L. FUKUOKA（visvim）,33.58361,130.386099,購物,福岡,中央區・赤坂,"F.I.L. FUKUOKA
visvim 專賣／木質店裝
★★★ visvim 直營，店內木質地板與陳列本身就值得進去看一眼。
福岡県福岡市中央区赤坂3-8-26 赤坂エクセル 1F
營業：週一–週日 11:00–19:00
建議停留：20–30 分",google,https://www.google.com/maps/search/?api=1&query=F.I.L.%20FUKUOKA%20%E4%B8%AD%E5%A4%AE%E5%8D%80%E3%83%BB%E8%B5%A4%E5%9D%82
Factory - market,33.585723,130.396768,購物,福岡,中央區・今泉,"Factory-market
FreshService／DAIWA PIER39／AURALEE／Goldwin／nonnative／RAMIDUS
★★★★★ 機能與都會日常的交集：FreshService、DAIWA PIER39、AURALEE、Goldwin、nonnative、RAMIDUS 選得很齊。
女裝在同體系的 Artwork。
福岡県福岡市中央区今泉2-5-4
營業：週一–週五 12:00–19:30｜週六–週日 11:00–19:30
建議停留：40–60 分",google,https://www.google.com/maps/search/?api=1&query=Factory-market%20%E4%B8%AD%E5%A4%AE%E5%8D%80%E3%83%BB%E4%BB%8A%E6%B3%89
HIGHTIDE STORE 福岡,33.578948,130.405768,購物,福岡,中央區・白金,"ハイタイドストア
Penco 文具／Pake 聯名配件／自社直營
★★（文具迷 5 星）：Penco 母公司的直營店，文具與雜貨的大本營，伴手禮好挑又輕。
適合安排在回程前買伴手禮。
福岡県福岡市中央区白金1-8-28 ハイタイド
營業：週一–週日 11:00–19:00
建議停留：30–40 分",google,https://www.google.com/maps/search/?api=1&query=%E3%83%8F%E3%82%A4%E3%82%BF%E3%82%A4%E3%83%89%E3%82%B9%E3%83%88%E3%82%A2%20%E4%B8%AD%E5%A4%AE%E5%8D%80%E3%83%BB%E7%99%BD%E9%87%91
HOODS FUKUOKA,33.587233,130.395082,購物,福岡,中央區・大名,"WTAPS／NEIGHBORHOOD
★★★ WTAPS／NEIGHBORHOOD 正規取扱店，兩個牌子在台灣加價幅度大，在這裡買最實在。
熱門單品開季就完售，別期待撿貨。
福岡県福岡市中央区大名1-11-27
營業：週一–週日 11:00–19:00
建議停留：20–30 分",google,https://www.google.com/maps/search/?api=1&query=HOODS%20FUKUOKA%20%E4%B8%AD%E5%A4%AE%E5%8D%80%E3%83%BB%E5%A4%A7%E5%90%8D
HUES,33.585159,130.393608,購物,福岡,中央區・警固,"Yohji Yamamoto／Maison Margiela／ACRONYM／Bagjack
★★★★★ 福岡的機能／暗黑先鋒重鎮，Yohji、Margiela、ACRONYM、Bagjack 同店並列，是這份清單裡風格最強烈的一家。
高單價店，試穿建議留時間。
福岡県福岡市中央区警固1-15-28
營業：週一 11:00–19:00｜週二 11:00–20:00｜週三–週日 11:00–19:00
建議停留：30–45 分",google,https://www.google.com/maps/search/?api=1&query=HUES%20%E4%B8%AD%E5%A4%AE%E5%8D%80%E3%83%BB%E8%AD%A6%E5%9B%BA
KAPITAL 福岡,33.586613,130.39457,購物,福岡,中央區・大名,"重水洗工藝／刺子／襤褸／民族圖騰
★★★★ 日系經典重水洗工藝品牌，實品的織法與洗色一定要現場看才知道差別。
福岡県福岡市中央区大名1-3-42 ローズマンション大名 1F
營業：週一–週日 11:00–20:00
建議停留：30–40 分",google,https://www.google.com/maps/search/?api=1&query=KAPITAL%20%E7%A6%8F%E5%B2%A1%20%E4%B8%AD%E5%A4%AE%E5%8D%80%E3%83%BB%E5%A4%A7%E5%90%8D
Kaddish,33.586249,130.395552,購物,福岡,中央區・大名,"WACKO MARIA／OLD JOE
★★★★ 主打 WACKO MARIA 與 OLD JOE，風格集中、不雜。
福岡県福岡市中央区大名1-1-22 1F
營業：週一–週日 12:00–20:00
建議停留：20–30 分",google,https://www.google.com/maps/search/?api=1&query=Kaddish%20%E4%B8%AD%E5%A4%AE%E5%8D%80%E3%83%BB%E5%A4%A7%E5%90%8D
LIGHT YEARS,33.589675,130.41361,購物,福岡,博多區・博多站前,"各國民藝／骨董器物／如博物館般的陳列
★★★★★ 宛如骨董博物館的民藝選貨店，同體系還有 MORE LIGHT 與 1834。
1834 需事前透過 LIGHT YEARS 預約。
福岡県福岡市博多区博多駅前3-30-5
營業：週一–週日 11:00–19:00
建議停留：40–60 分",google,https://www.google.com/maps/search/?api=1&query=LIGHT%20YEARS%20%E5%8D%9A%E5%A4%9A%E5%8D%80%E3%83%BB%E5%8D%9A%E5%A4%9A%E7%AB%99%E5%89%8D
LOVELESS 福岡,33.589627,130.398413,購物,福岡,中央區・天神,"LOVELESS FUKUOKA
Doublet／Needles／South2 West8
★★★ 大型選貨店，Doublet、Needles、South2 West8 加自有品牌，一次看到多個牌子。
福岡県福岡市中央区天神2-10-3 VIORO 2F
營業：週一–週日 10:00–20:00
建議停留：30–40 分",google,https://www.google.com/maps/search/?api=1&query=LOVELESS%20FUKUOKA%20%E4%B8%AD%E5%A4%AE%E5%8D%80%E3%83%BB%E5%A4%A9%E7%A5%9E
Le Labo 福岡,33.587082,130.395345,購物,福岡,中央區・大名,"ルラボ 福岡
現調手工香水／瓶身可刻字
★★★ 紐約手工慢香水，現場現調、標籤可打上名字與日期，當旅行紀念很合適。
現調需等 10–15 分鐘。
福岡県福岡市中央区大名1-15-24
營業：週一–週日 11:00–20:00
建議停留：30 分",google,https://www.google.com/maps/search/?api=1&query=%E3%83%AB%E3%83%A9%E3%83%9C%20%E7%A6%8F%E5%B2%A1%20%E4%B8%AD%E5%A4%AE%E5%8D%80%E3%83%BB%E5%A4%A7%E5%90%8D
Loopwheeler 福岡,33.582543,130.392406,購物,福岡,中央區・藥院,"ループウィラー福岡
吊編（吊り編み）純棉／衛衣／帽 T 專門
板友評 ★★★（私心 5 星）：日本頂級吊編衛衣專門店，福岡直營。買一件當旅行紀念很划算。
🗓 定休：週二、週三、週四、週五——本行程在福岡的日子是 2/1(一)、2/2(二)、2/3(三)、2/4(四)、2/10(三)、2/11(四)、2/12(五)，排行程時避開。　⚠️ 只有週一、週六、週日營業，而本行程在福岡沒有週末——整趟只有 2/1（週一）這天碰得到，而且 2/1 是抵達日（FUK 10:00 落地），週一只開到 17:00。後方就是 LIVING STEREO，兩家一起排。
福岡県福岡市中央区薬院2-18-12 財津ビル 1F
營業：週一 12:00–17:00｜週六–週日 12:00–19:00｜週二、週三、週四、週五休
建議停留：20–30 分",google,https://www.google.com/maps/search/?api=1&query=%E3%83%AB%E3%83%BC%E3%83%97%E3%82%A6%E3%82%A3%E3%83%A9%E3%83%BC%E7%A6%8F%E5%B2%A1%20%E4%B8%AD%E5%A4%AE%E5%8D%80%E3%83%BB%E8%97%A5%E9%99%A2
MARK IS 福岡ももち,33.592341,130.363893,購物,福岡,中央區・地行濱,"マークイズ福岡ももち
約 160 間店／與福岡巨蛋相鄰／屋頂庭園
百道濱一帶的大型商場，與福岡巨蛋、福岡塔在同一區，可以排成一個下午。
地鐵唐人町站步行約 10 分。約 10:00–21:00。
營業：10:00–21:00
建議停留：2 小時",nominatim,https://www.google.com/maps/search/?api=1&query=%E3%83%9E%E3%83%BC%E3%82%AF%E3%82%A4%E3%82%BA%E7%A6%8F%E5%B2%A1%E3%82%82%E3%82%82%E3%81%A1%20%E4%B8%AD%E5%A4%AE%E5%8D%80%E3%83%BB%E5%9C%B0%E8%A1%8C%E6%BF%B1
MORE LIGHT,33.576428,130.41251,購物,福岡,中央區・清川,"LIGHT YEARS 同體系／空間陳列最精緻
★★★★★ 三間之中空間陳列最講究的一間。
福岡県福岡市中央区清川3-15-30
營業：週一–週日 11:00–18:00
建議停留：30–45 分",google,https://www.google.com/maps/search/?api=1&query=MORE%20LIGHT%20%E4%B8%AD%E5%A4%AE%E5%8D%80%E3%83%BB%E6%B8%85%E5%B7%9D
Maison (MY) Labo,33.584262,130.387487,購物,福岡,中央區・赤坂,"MAISON MIHARA YASUHIRO
MAISON MIHARA YASUHIRO／溶解鞋
★★★ 三原康裕的溶解鞋專賣，尺碼與配色比台灣專櫃齊。
🗓 定休：週三、週四——本行程在福岡的日子是 2/1(一)、2/2(二)、2/3(三)、2/4(四)、2/10(三)、2/11(四)、2/12(五)，排行程時避開。
東急ドエルアルス1, B, 2-3-6 赤坂 中央区 福岡市 福岡県 810-0042
營業：週一–週二 12:00–20:00｜週五–週日 12:00–20:00｜週三、週四休
建議停留：20–30 分",google,https://www.google.com/maps/search/?api=1&query=MAISON%20MIHARA%20YASUHIRO%20%E4%B8%AD%E5%A4%AE%E5%8D%80%E3%83%BB%E8%B5%A4%E5%9D%82
NEPENTHES HAKATA,33.596252,130.41015,購物,福岡,博多區・店屋町,"ネペンテス 博多
Needles／Engineered Garments／South2 West8
★★★★ 必訪名店：Needles 蝴蝶褲、Engineered Garments、South2 West8 全在這裡，是這份清單在博多側的核心。
鄰近 Comme des Garçons 福岡，兩家一起排。
福岡県福岡市博多区店屋町2-28 2F
營業：週一–週日 11:30–20:00
建議停留：40–60 分",google,https://www.google.com/maps/search/?api=1&query=%E3%83%8D%E3%83%9A%E3%83%B3%E3%83%86%E3%82%B9%20%E5%8D%9A%E5%A4%9A%20%E5%8D%9A%E5%A4%9A%E5%8D%80%E3%83%BB%E5%BA%97%E5%B1%8B%E7%94%BA
NIGHTHAWKS,33.583087,130.396562,購物,福岡,中央區・今泉,"Hender Scheme／_J.L-A.L_／NAMACHEKO／Salomon／Our Legacy
板友評 ★★★（私心 5 星）：隱密的店中店，Hender Scheme、Our Legacy、Salomon 這種組合在福岡少見。
🗓 定休：週三——本行程在福岡的日子是 2/1(一)、2/2(二)、2/3(三)、2/4(四)、2/10(三)、2/11(四)、2/12(五)，排行程時避開。　地址在今泉 2 丁目 3-21，招牌不明顯、要找門牌上樓。
福岡県福岡市中央区2-3 今泉2-3-21 松永ビル201
營業：週一–週二 13:00–19:00｜週四–週日 13:00–19:00｜週三休
建議停留：20–30 分",google,https://www.google.com/maps/search/?api=1&query=NIGHTHAWKS%20%E4%B8%AD%E5%A4%AE%E5%8D%80%E3%83%BB%E4%BB%8A%E6%B3%89
NYLON（The Real McCoys 福岡店）,33.587469,130.395216,購物,福岡,中央區・大名,"ナイロン リアルマッコイズ福岡店
The Real McCoys／美式軍裝復刻／店裝值得看
★★★ 板友特別提店裝外觀極美；The Real McCoys 的 A-2、N-1 復刻是日本工藝天花板之一。
🗓 定休：週三——本行程在福岡的日子是 2/1(一)、2/2(二)、2/3(三)、2/4(四)、2/10(三)、2/11(四)、2/12(五)，排行程時避開。
福岡県福岡市中央区大名1-14-21
營業：週一–週二 12:00–20:00｜週四–週日 12:00–20:00｜週三休
建議停留：20–30 分",google,https://www.google.com/maps/search/?api=1&query=%E3%83%8A%E3%82%A4%E3%83%AD%E3%83%B3%20%E3%83%AA%E3%82%A2%E3%83%AB%E3%83%9E%E3%83%83%E3%82%B3%E3%82%A4%E3%82%BA%E7%A6%8F%E5%B2%A1%E5%BA%97%20%E4%B8%AD%E5%A4%AE%E5%8D%80%E3%83%BB%E5%A4%A7%E5%90%8D
ON AIR KEGO,33.584928,130.392374,購物,福岡,中央區・警固,"LTTT／Tomo & Co／Sneeze Magazine
★★★★★ 藝術文化取向的服飾店，選件與雜誌陳列都很有觀點。
⚠️ 板友說「主要五、六、日營業」，但 Google 上是每天 12:00–18:00——兩邊對不上。本行程在福岡完全沒有週末，出發前務必查官方 Instagram 當週公告。
福岡県福岡市中央区警固1-12-8 2F
營業：週一–週日 12:00–18:00
建議停留：20–30 分",google,https://www.google.com/maps/search/?api=1&query=ON%20AIR%20KEGO%20%E4%B8%AD%E5%A4%AE%E5%8D%80%E3%83%BB%E8%AD%A6%E5%9B%BA
PORTER 天神地下街店,33.589228,130.400225,購物,福岡,中央區・天神,"ポーター 天神地下街
吉田カバン PORTER／日本限定型號
★★ 位於天神地下街內，雨天不用出地面；PORTER 日本本地價與台灣差距明顯。
福岡県福岡市中央区天神2-6-1004 東9-街
營業：週一–週日 10:00–19:00
建議停留：20–30 分",google,https://www.google.com/maps/search/?api=1&query=%E3%83%9D%E3%83%BC%E3%82%BF%E3%83%BC%20%E5%A4%A9%E7%A5%9E%E5%9C%B0%E4%B8%8B%E8%A1%97%20%E4%B8%AD%E5%A4%AE%E5%8D%80%E3%83%BB%E5%A4%A9%E7%A5%9E
SCATOLA,33.56042,130.201529,購物,福岡,糸島市・前原中央,"包包專賣／咖啡店中店
ここのき 旁的包包專賣，裡面還有咖啡店中店。
🗓 定休：週一——本行程在福岡的日子是 2/1(一)、2/2(二)、2/3(三)、2/4(四)、2/10(三)、2/11(四)、2/12(五)，排行程時避開。
福岡県糸島市前原中央3-9-29
營業：週二–週五 11:00–16:00｜週一、週六、週日休
建議停留：20–30 分",google,https://www.google.com/maps/search/?api=1&query=SCATOLA%20%E7%B3%B8%E5%B3%B6%E5%B8%82%E3%83%BB%E5%89%8D%E5%8E%9F%E4%B8%AD%E5%A4%AE
SOPH. FUKUOKA,33.582509,130.398035,購物,福岡,中央區・藥院,"SOPHNET.／F.C.Real Bristol／uniform experiment
★★★ 清水則之的三條線一次看完，F.C.R.B. 的球衣剪裁值得試穿。
福岡県福岡市中央区薬院1-12-30
營業：週一–週日 11:00–19:00
建議停留：20–30 分",google,https://www.google.com/maps/search/?api=1&query=SOPH.%20FUKUOKA%20%E4%B8%AD%E5%A4%AE%E5%8D%80%E3%83%BB%E8%97%A5%E9%99%A2
Sports Lab by atmos 博多,33.590427,130.419949,購物,福岡,博多區・博多站,"球鞋／AMU PLAZA 博多館內
★★ 在博多站 AMU PLAZA 內，等車前的零碎時間剛好可以逛。
Google 上現在的店名是「atmos アミュプラザ博多店」（5F），Sports Lab 已整併進 atmos——找店請用 atmos。
福岡県福岡市博多区博多駅中央街1-1 アミュプラザ博多 5F
營業：週一–週日 10:00–20:00
建議停留：20 分",google,https://www.google.com/maps/search/?api=1&query=Sports%20Lab%20by%20atmos%20%E5%8D%9A%E5%A4%9A%20%E5%8D%9A%E5%A4%9A%E5%8D%80%E3%83%BB%E5%8D%9A%E5%A4%9A%E7%AB%99
Sunny 博多駅南（24 小時）,33.583105,130.417493,購物,福岡,博多區・博多站,"サニー
⭐ 24 小時營業，深夜或清晨都能買。西友系，日常品項齊全——住有廚房的房型時最實用的一間。
距東急ステイ博多約 430m／步行約 5 分（實測直線距離）。座標來自 OSM 門口級節點。
營業：24 小時
建議停留：20–30 分",overpass,https://www.google.com/maps/search/?api=1&query=%E3%82%B5%E3%83%8B%E3%83%BC%20%E5%8D%9A%E5%A4%9A%E5%8D%80%E3%83%BB%E5%8D%9A%E5%A4%9A%E7%AB%99
Supreme 福岡,33.587294,130.396594,購物,福岡,中央區・大名,"街頭滑板龍頭／日本限定配色
★★★ 日本 Supreme 分店之一。
⚠️ Google 標示「暫停營業」——出發前務必再確認。　⚠️ drop 日（通常週六）會排隊管制，非 drop 日進出很輕鬆。
福岡県福岡市中央区大名1-15-35 247ビル 1F
建議停留：20–30 分",google,https://www.google.com/maps/search/?api=1&query=Supreme%20%E7%A6%8F%E5%B2%A1%20%E4%B8%AD%E5%A4%AE%E5%8D%80%E3%83%BB%E5%A4%A7%E5%90%8D
TAKAHIROMIYASHITA TheSoloist. 福岡,33.588011,130.389451,購物,福岡,中央區・赤坂,"TAKAHIROMIYASHITATheSoloist. FUKUOKA
宮下貴裕／彈鋼琴假人裝置
★★★ 店內有彈鋼琴的假人裝置藝術，就算不買也值得走進去。
⚠️ Google 標示「永久歇業」——出發前務必再確認，可能已經收了。
福岡県福岡市中央区赤坂1-12-6
建議停留：20–30 分",google,https://www.google.com/maps/search/?api=1&query=TAKAHIROMIYASHITATheSoloist.%20FUKUOKA%20%E4%B8%AD%E5%A4%AE%E5%8D%80%E3%83%BB%E8%B5%A4%E5%9D%82
THE STANDARD MANUAL,33.585366,130.410618,購物,福岡,博多區・住吉,"硬派美式居家／戶外生活雜貨
★★★ 硬派美式居家與戶外雜貨，工具感很強。
🗓 定休：週四——本行程在福岡的日子是 2/1(一)、2/2(二)、2/3(三)、2/4(四)、2/10(三)、2/11(四)、2/12(五)，排行程時避開。
福岡県福岡市博多区住吉3-9-20 1Ｆ
營業：週一–週三 11:00–19:00｜週五–週日 11:00–19:00｜週四休
建議停留：20–30 分",google,https://www.google.com/maps/search/?api=1&query=THE%20STANDARD%20MANUAL%20%E5%8D%9A%E5%A4%9A%E5%8D%80%E3%83%BB%E4%BD%8F%E5%90%89
Tigre Brocante,33.583512,130.39169,購物,福岡,中央區・警固,"ティグルブロカンテ
藍染／民俗圖騰
★★ 繽紛圖騰、藍染與民俗風格，和這條街上的極簡日系是完全另一種路線。
福岡県福岡市中央区警固2-3-26
營業：週一–週五 12:00–19:00｜週六–週日 11:00–19:00
建議停留：20 分",google,https://www.google.com/maps/search/?api=1&query=%E3%83%86%E3%82%A3%E3%82%B0%E3%83%AB%E3%83%96%E3%83%AD%E3%82%AB%E3%83%B3%E3%83%86%20%E4%B8%AD%E5%A4%AE%E5%8D%80%E3%83%BB%E8%AD%A6%E5%9B%BA
UPTOWN Deluxe 福岡店,33.586532,130.397137,購物,福岡,中央區・大名,"潮流球鞋／二手／稀有款
★★ 球鞋專賣，和 BILLYS 緊鄰。
福岡県福岡市中央区大名1-1-2-2
營業：週一–週五 12:00–20:00｜週六 11:00–21:00｜週日 11:00–20:00
建議停留：15–20 分",google,https://www.google.com/maps/search/?api=1&query=UPTOWN%20Deluxe%20%E7%A6%8F%E5%B2%A1%E5%BA%97%20%E4%B8%AD%E5%A4%AE%E5%8D%80%E3%83%BB%E5%A4%A7%E5%90%8D
Unreal real clothes,33.586783,130.400343,購物,福岡,中央區・今泉,"A.PRESSE／VAINL ARCHIVE／Graphpaper
★★ 2F 的隱密選貨店，A.PRESSE 在福岡不好找。
在 2 樓，門面很低調。
福岡県福岡市中央区今泉1-13-29 福泉ビル 2F
營業：週一–週日 11:00–19:00
建議停留：20 分",google,https://www.google.com/maps/search/?api=1&query=Unreal%20real%20clothes%20%E4%B8%AD%E5%A4%AE%E5%8D%80%E3%83%BB%E4%BB%8A%E6%B3%89
VIORO,33.589722,130.398333,購物,福岡,中央區・天神,"UNITED ARROWS／金子眼鏡／BEAMS GOLF
★★★ 岩田屋旁的小型商場，金子眼鏡在這裡。
與岩田屋本店步行 1 分。
福岡県福岡市中央区天神2-10-3
營業：週一–週日 10:00–20:00
建議停留：40–60 分",google,https://www.google.com/maps/search/?api=1&query=VIORO%20%E4%B8%AD%E5%A4%AE%E5%8D%80%E3%83%BB%E5%A4%A9%E7%A5%9E
nanamica 福岡,33.588412,130.394911,購物,福岡,中央區・大名,"nanamica FUKUOKA
都市機能美學／THE NORTH FACE PURPLE LABEL
★★★ 兼售 The North Face 紫標，紫標在台灣不好買、價差也明顯。
福岡県福岡市中央区大名2-1-14
營業：週一–週日 11:00–19:00
建議停留：20–30 分",google,https://www.google.com/maps/search/?api=1&query=nanamica%20FUKUOKA%20%E4%B8%AD%E5%A4%AE%E5%8D%80%E3%83%BB%E5%A4%A7%E5%90%8D
ふくや 中洲本店,33.592051,130.408074,購物,福岡,博多區,"辛子明太子的創始店，伴手禮首選，可試吃比較辣度。
冷藏品要注意回程時間；機場也有分店但本店品項最全。
營業：08:00–24:00
建議停留：30 分",google,https://www.google.com/maps/search/?api=1&query=%E3%81%B5%E3%81%8F%E3%82%84%20%E4%B8%AD%E6%B4%B2%E6%9C%AC%E5%BA%97%20%E5%8D%9A%E5%A4%9A%E5%8D%80
ららぽーと福岡,33.564772,130.44032,購物,福岡,博多區・竹下,"等身大 RX-93ff ν 鋼彈立像／約 220 間店／美食廣場
2022 年開幕的大型購物中心，門口有全球唯一的等身大 ν 鋼彈立像（會動、有燈光演出），是福岡新的打卡點。
JR 竹下站步行約 10 分，或博多站搭巴士約 15 分；鋼彈演出時刻表在官網公告。約 10:00–21:00。
營業：10:00–21:00
建議停留：2–3 小時",nominatim,https://www.google.com/maps/search/?api=1&query=%E3%82%89%E3%82%89%E3%81%BD%E3%83%BC%E3%81%A8%E7%A6%8F%E5%B2%A1%20%E5%8D%9A%E5%A4%9A%E5%8D%80%E3%83%BB%E7%AB%B9%E4%B8%8B
アール福岡（旧 ANATOMICA）,33.585285,130.395265,購物,福岡,中央區・警固,"アール福岡
ANATOMICA／Rocky Mountain Featherbed
★★★ 原 ANATOMICA 福岡，法式基本款＋Rocky Mountain Featherbed 羽絨背心。
已改名「アール」，用舊名 ANATOMICA 找可能找不到。
福岡県福岡市中央区警固1-15-51 RichStage上人橋 2F
營業：週一–週日 12:00–19:00
建議停留：20–30 分",google,https://www.google.com/maps/search/?api=1&query=%E3%82%A2%E3%83%BC%E3%83%AB%E7%A6%8F%E5%B2%A1%20%E4%B8%AD%E5%A4%AE%E5%8D%80%E3%83%BB%E8%AD%A6%E5%9B%BA
セブン-イレブン（博多駅南）,33.584211,130.419241,購物,福岡,博多區・博多站,"セブン-イレブン
7-11 的 ATM 對台灣的卡片相容性最好，需要提現時來這家。
距東急ステイ博多約 226m／步行約 3 分（實測直線距離）。座標來自 OSM 節點。
營業：OSM 未記錄（多為 24 小時，現場確認）
建議停留：10–30 分",overpass,https://www.google.com/maps/search/?api=1&query=%E3%82%BB%E3%83%96%E3%83%B3-%E3%82%A4%E3%83%AC%E3%83%96%E3%83%B3%20%E5%8D%9A%E5%A4%9A%E5%8D%80%E3%83%BB%E5%8D%9A%E5%A4%9A%E7%AB%99
ニューヨークストア住吉店,33.584214,130.415381,購物,福岡,博多區・博多站,"ニューヨークストア
住吉一帶的地區超市，回飯店路上順路。
距東急ステイ博多約 558m／步行約 7 分（實測直線距離）。座標來自 OSM 門口級節點。
營業：OSM 未記錄（現場確認）
建議停留：20–30 分",overpass,https://www.google.com/maps/search/?api=1&query=%E3%83%8B%E3%83%A5%E3%83%BC%E3%83%A8%E3%83%BC%E3%82%AF%E3%82%B9%E3%83%88%E3%82%A2%20%E5%8D%9A%E5%A4%9A%E5%8D%80%E3%83%BB%E5%8D%9A%E5%A4%9A%E7%AB%99
ハラールフードショップ ナビさん,33.596995,130.223546,購物,福岡,西區,"清真食材專賣店兼餐廳，九州大學伊都／箱崎校區都有據點，西區另有餐廳（約營業到 19:30）。
⚠️ 離市中心較遠；主要是採買清真食材用。
清真：True",google,https://www.google.com/maps/search/?api=1&query=%E3%83%8F%E3%83%A9%E3%83%BC%E3%83%AB%E3%83%95%E3%83%BC%E3%83%89%E3%82%B7%E3%83%A7%E3%83%83%E3%83%97%20%E3%83%8A%E3%83%93%E3%81%95%E3%82%93%20%E8%A5%BF%E5%8D%80
ファミリーマート（博多・24 小時）,33.584712,130.420871,購物,福岡,博多區・博多站,"ファミリーマート
距飯店 82m 的 24 小時便利商店，深夜回來有熱食與飲料。
距東急ステイ博多約 82m／步行約 1 分（實測直線距離）。座標來自 OSM 節點。
營業：24 小時
建議停留：10–30 分",overpass,https://www.google.com/maps/search/?api=1&query=%E3%83%95%E3%82%A1%E3%83%9F%E3%83%AA%E3%83%BC%E3%83%9E%E3%83%BC%E3%83%88%20%E5%8D%9A%E5%A4%9A%E5%8D%80%E3%83%BB%E5%8D%9A%E5%A4%9A%E7%AB%99
ボンラパス タンブル,33.589036,130.419133,購物,福岡,博多區・博多站,"ボンラパス
偏高級的超市，生鮮與熟食品質好、進口食材多。想買伴手禮級的食品或好一點的水果可以來這裡。
距東急ステイ博多約 448m／步行約 6 分（實測直線距離）。座標來自 OSM 門口級節點。
營業：OSM 未記錄（現場確認）
建議停留：20–30 分",overpass,https://www.google.com/maps/search/?api=1&query=%E3%83%9C%E3%83%B3%E3%83%A9%E3%83%91%E3%82%B9%20%E5%8D%9A%E5%A4%9A%E5%8D%80%E3%83%BB%E5%8D%9A%E5%A4%9A%E7%AB%99
マックスバリュ 博多駅南,33.576986,130.431656,購物,福岡,博多區・博多站,"マックスバリュエクスプレス
イオン 系超市，開到半夜 12 點——這是「行程晚回來還買得到東西」的首選。熟食與便當有折價時段。
距東急ステイ博多約 346m／步行約 4 分（實測直線距離）。座標來自 OSM 門口級節點。
營業：08:00–24:00
建議停留：20–30 分",google,https://www.google.com/maps/search/?api=1&query=%E3%83%9E%E3%83%83%E3%82%AF%E3%82%B9%E3%83%90%E3%83%AA%E3%83%A5%E3%82%A8%E3%82%AF%E3%82%B9%E3%83%97%E3%83%AC%E3%82%B9%20%E5%8D%9A%E5%A4%9A%E5%8D%80%E3%83%BB%E5%8D%9A%E5%A4%9A%E7%AB%99
マルショク 博多,33.582306,130.424087,購物,福岡,博多區・博多站,"マルショク
九州本地連鎖超市，價格中庭、品項貼近當地人日常。
距東急ステイ博多約 434m／步行約 5 分（實測直線距離）。座標來自 OSM 門口級節點。
營業：OSM 未記錄（現場確認）
建議停留：20–30 分",overpass,https://www.google.com/maps/search/?api=1&query=%E3%83%9E%E3%83%AB%E3%82%B7%E3%83%A7%E3%82%AF%20%E5%8D%9A%E5%A4%9A%E5%8D%80%E3%83%BB%E5%8D%9A%E5%A4%9A%E7%AB%99
ミスターマックス（24 小時）,33.579133,130.419147,購物,福岡,博多區・博多站,"ミスターマックス
量販店（不只食品，日用品與家電也有），24 小時。缺什麼雜物時來這裡最快。
距東急ステイ博多約 721m／步行約 9 分（實測直線距離）。座標來自 OSM 門口級節點。
營業：24 小時
建議停留：20–30 分",overpass,https://www.google.com/maps/search/?api=1&query=%E3%83%9F%E3%82%B9%E3%82%BF%E3%83%BC%E3%83%9E%E3%83%83%E3%82%AF%E3%82%B9%20%E5%8D%9A%E5%A4%9A%E5%8D%80%E3%83%BB%E5%8D%9A%E5%A4%9A%E7%AB%99
レガネットキュート,33.59121,130.419559,購物,福岡,博多區・博多站,"レガネットキュート 博多駅前
都市型小超市，離飯店最近（步行 4 分）。早上 7:30 就開，適合出門前買早餐與飲料。
距東急ステイ博多約 338m／步行約 4 分（實測直線距離）。座標來自 OSM 門口級節點。
營業：平日 07:30–20:00／週末 08:00–20:00
建議停留：20–30 分",google,https://www.google.com/maps/search/?api=1&query=%E3%83%AC%E3%82%AC%E3%83%8D%E3%83%83%E3%83%88%E3%82%AD%E3%83%A5%E3%83%BC%E3%83%88%20%E5%8D%9A%E5%A4%9A%E9%A7%85%E5%89%8D%20%E5%8D%9A%E5%A4%9A%E5%8D%80%E3%83%BB%E5%8D%9A%E5%A4%9A%E7%AB%99
ロピア 博多,33.588563,130.42178,購物,福岡,博多區・博多站,"ロピア
以低價與大份量出名的量販型超市，肉品與熟食便宜。份量偏大，適合兩人以上分食或當宵夜。
距東急ステイ博多約 356m／步行約 4 分（實測直線距離）。座標來自 OSM 門口級節點。
營業：OSM 未記錄（現場確認）
建議停留：20–30 分",overpass,https://www.google.com/maps/search/?api=1&query=%E3%83%AD%E3%83%94%E3%82%A2%20%E5%8D%9A%E5%A4%9A%E5%8D%80%E3%83%BB%E5%8D%9A%E5%A4%9A%E7%AB%99
ローソン（東急ステイ博多 樓下）,33.585565,130.421546,購物,福岡,博多區・博多站,"ローソン
距飯店僅 36m，等於樓下。臨時缺東西最快的一站。
距東急ステイ博多約 36m／步行約 1 分（實測直線距離）。座標來自 OSM 節點。
營業：OSM 未記錄（多為 24 小時，現場確認）
建議停留：10–30 分",overpass,https://www.google.com/maps/search/?api=1&query=%E3%83%AD%E3%83%BC%E3%82%BD%E3%83%B3%20%E5%8D%9A%E5%A4%9A%E5%8D%80%E3%83%BB%E5%8D%9A%E5%A4%9A%E7%AB%99
九大伊都 蔦屋書店,33.59398,130.229496,購物,福岡,西區・九大新町,"蔦屋書店 伊都
旗艦蔦屋／採光與建築／咖啡座
九州大學伊都校區旁的旗艦蔦屋，採光與建築本身就是景點。
⚠️ Google 標示「永久歇業」——出發前務必再確認，可能已經收了。　在伊都校區旁，離糸島海線有一段距離，開車或搭公車。
福岡県福岡市西区九大新町5-1 いとLab＋
建議停留：1 小時",google,https://www.google.com/maps/search/?api=1&query=%E8%94%A6%E5%B1%8B%E6%9B%B8%E5%BA%97%20%E4%BC%8A%E9%83%BD%20%E8%A5%BF%E5%8D%80%E3%83%BB%E4%B9%9D%E5%A4%A7%E6%96%B0%E7%94%BA
博多川端商店街,33.593716,130.408092,購物,福岡,博多區,"川端通商店街
福岡最古老的商店街／川端善哉廣場／博多祇園山笠飾山
福岡最老的拱廊商店街（約 130 年），連接櫛田神社與運河城，有頂棚下雨也能逛。名物是川端善哉（紅豆湯）。
多數店 10:00–19:00，部分週三休；與櫛田神社、東長寺、運河城可串成一條線。
建議停留：40–60 分",google,https://www.google.com/maps/search/?api=1&query=%E5%B7%9D%E7%AB%AF%E9%80%9A%E5%95%86%E5%BA%97%E8%A1%97%20%E5%8D%9A%E5%A4%9A%E5%8D%80
博多運河城,33.5897,130.4113,購物,福岡,博多區,"キャナルシティ博多
運河噴水秀／拉麵競技場（5F）／無敵家・一幸舍
運河造景商場，5F 拉麵競技場一次比較各家豚骨，雨天備案首選。
噴水秀每 30 分一次；拉麵競技場約 11:00–23:00。
營業：10:00–21:00
建議停留：1.5–2 小時",manual,https://www.google.com/maps/search/?api=1&query=%E3%82%AD%E3%83%A3%E3%83%8A%E3%83%AB%E3%82%B7%E3%83%86%E3%82%A3%E5%8D%9A%E5%A4%9A%20%E5%8D%9A%E5%A4%9A%E5%8D%80
博多阪急・AMU PLAZA 博多,33.589295,130.420524,購物,福岡,博多區,"博多阪急
地下食品街（明太子・甜點）／AMU PLAZA 服飾／屋上つばめの杜広場
就在博多站內，回程日採買最有效率的一站購足。
營業：10:00–20:00
建議停留：1.5–2 小時",overpass,https://www.google.com/maps/search/?api=1&query=%E5%8D%9A%E5%A4%9A%E9%98%AA%E6%80%A5%20%E5%8D%9A%E5%A4%9A%E5%8D%80
唐吉訶德 天神本店,33.586374,130.397989,購物,福岡,中央區・天神,"ドン・キホーテ 天神本店
24 小時營業／藥妝・零食・電器／免稅
藥妝零食一次掃完，24 小時營業，逛完屋台或居酒屋還可以來補貨。
免稅需護照；深夜結帳人少最快。
營業：24 小時
建議停留：1 小時",nominatim,https://www.google.com/maps/search/?api=1&query=%E3%83%89%E3%83%B3%E3%83%BB%E3%82%AD%E3%83%9B%E3%83%BC%E3%83%86%20%E5%A4%A9%E7%A5%9E%E6%9C%AC%E5%BA%97%20%E4%B8%AD%E5%A4%AE%E5%8D%80%E3%83%BB%E5%A4%A9%E7%A5%9E
大丸福岡天神店,33.588641,130.402063,購物,福岡,中央區・天神,"本館＋東館 ELGALA／天神地下街直通／免稅櫃檯
天神另一家大型百貨，與天神地下街直通，雨天不用出地面。
約 10:00–20:00；免稅手續在本館內服務櫃檯辦。
營業：10:00–20:00
建議停留：1.5 小時",nominatim,https://www.google.com/maps/search/?api=1&query=%E5%A4%A7%E4%B8%B8%E7%A6%8F%E5%B2%A1%E5%A4%A9%E7%A5%9E%E5%BA%97%20%E4%B8%AD%E5%A4%AE%E5%8D%80%E3%83%BB%E5%A4%A9%E7%A5%9E
天神・天神地下街,33.589572,130.399748,購物,福岡,中央區,"天神地下街
歐風地下街 12 條／三越・岩田屋・PARCO／雨天不濕鞋
福岡最密集的購物核心，地下街連通各百貨，冬天與雨天都不受影響。
多數店 10:00–20:00；假日人潮多。
建議停留：2–3 小時",google,https://www.google.com/maps/search/?api=1&query=%E5%A4%A9%E7%A5%9E%E5%9C%B0%E4%B8%8B%E8%A1%97%20%E4%B8%AD%E5%A4%AE%E5%8D%80
岩田屋本店,33.5893,130.398,購物,福岡,中央區・天神,"天神百貨的門面／本館＋新館／B2 食品街與甜點
創業 1754 年，天神商圈的象徵。精品與日系品牌最齊，B2 食品街的甜點伴手禮水準最高。
約 10:00–20:00；與三越、大丸、PARCO 都在步行 5 分內，天神一次逛完。
營業：10:00–20:00
建議停留：1.5–2 小時",manual,https://www.google.com/maps/search/?api=1&query=%E5%B2%A9%E7%94%B0%E5%B1%8B%E6%9C%AC%E5%BA%97%20%E4%B8%AD%E5%A4%AE%E5%8D%80%E3%83%BB%E5%A4%A9%E7%A5%9E
工藝風向,33.582733,130.382692,購物,福岡,中央區・赤坂,"日本傳統手工藝／民藝選物／作家器物
板友評 ★（私心 5 星）：專營日本傳統手工藝與民藝，是這份清單裡最「非潮流」但最耐看的一家。
旁邊就是 BIOTOP，中間還有 STAND POINT 咖啡與 F.I.L.（visvim），這一小區可以連著走完。
福岡県福岡市中央区赤坂2-6-27
建議停留：30–45 分",google,https://www.google.com/maps/search/?api=1&query=%E5%B7%A5%E8%97%9D%E9%A2%A8%E5%90%91%20%E4%B8%AD%E5%A4%AE%E5%8D%80%E3%83%BB%E8%B5%A4%E5%9D%82
福岡 PARCO,33.590796,130.398607,購物,福岡,中央區・天神,"福岡パルコ
年輕潮牌與動漫周邊／本館＋新館／極味や（漢堡排名店）
天神最年輕的一棟，動漫周邊與潮牌集中；地下有排隊名店「極味や」漢堡排。
約 10:00–20:30；極味や常排 40–60 分，開店前去最快。
營業：10:00–20:30
建議停留：1.5 小時",nominatim,https://www.google.com/maps/search/?api=1&query=%E7%A6%8F%E5%B2%A1%E3%83%91%E3%83%AB%E3%82%B3%20%E4%B8%AD%E5%A4%AE%E5%8D%80%E3%83%BB%E5%A4%A9%E7%A5%9E
糸島くらし×ここのき,33.560409,130.201015,購物,福岡,糸島市・前原中央,"糸島在地工藝／手作雜貨／果乾／食材
筑前前原站周邊的在地工藝與食材選貨店，糸島伴手禮一站買齊。
🗓 定休：週二——本行程在福岡的日子是 2/1(一)、2/2(二)、2/3(三)、2/4(四)、2/10(三)、2/11(四)、2/12(五)，排行程時避開。　與 SCATOLA、小富士、書店都在步行圈內，這一區可以走著逛。
福岡県糸島市前原中央3-9-1
營業：週一 10:00–18:00｜週三–週日 10:00–18:00｜週二休
建議停留：30–40 分",google,https://www.google.com/maps/search/?api=1&query=%E7%B3%B8%E5%B3%B6%E3%81%8F%E3%82%89%E3%81%97%C3%97%E3%81%93%E3%81%93%E3%81%AE%E3%81%8D%20%E7%B3%B8%E5%B3%B6%E5%B8%82%E3%83%BB%E5%89%8D%E5%8E%9F%E4%B8%AD%E5%A4%AE
糸島の顔がみえる本屋さん,33.560133,130.199126,購物,福岡,糸島市・前原中央,"獨立書店／選書溫暖／緊鄰小富士
氣氛溫馨的小小獨立書店，和小富士在一起。
🗓 定休：週二——本行程在福岡的日子是 2/1(一)、2/2(二)、2/3(三)、2/4(四)、2/10(三)、2/11(四)、2/12(五)，排行程時避開。　小店，營業日不固定。
福岡県糸島市前原中央3-2-14 2F
營業：週一 11:00–17:00｜週三–週日 11:00–17:00｜週二休
建議停留：20 分",google,https://www.google.com/maps/search/?api=1&query=%E7%B3%B8%E5%B3%B6%E3%81%AE%E9%A1%94%E3%81%8C%E3%81%BF%E3%81%88%E3%82%8B%E6%9C%AC%E5%B1%8B%E3%81%95%E3%82%93%20%E7%B3%B8%E5%B3%B6%E5%B8%82%E3%83%BB%E5%89%8D%E5%8E%9F%E4%B8%AD%E5%A4%AE
郷土文具のお店 小富士,33.560272,130.19884,購物,福岡,糸島市・前原中央,"鄉土文具／小型展覽
特色鄉土文具小店，也辦小型展覽，緊鄰旁邊的獨立書店。
🗓 定休：週二——本行程在福岡的日子是 2/1(一)、2/2(二)、2/3(三)、2/4(四)、2/10(三)、2/11(四)、2/12(五)，排行程時避開。　小店，營業日不固定，建議查 Instagram。
福岡県糸島市前原中央3-3-23
營業：週一 11:00–15:00｜週三–週五 11:00–15:00｜週六 11:00–17:00｜週日 11:00–15:00｜週二休
建議停留：20 分",google,https://www.google.com/maps/search/?api=1&query=%E9%83%B7%E5%9C%9F%E6%96%87%E5%85%B7%E3%81%AE%E3%81%8A%E5%BA%97%20%E5%B0%8F%E5%AF%8C%E5%A3%AB%20%E7%B3%B8%E5%B3%B6%E5%B8%82%E3%83%BB%E5%89%8D%E5%8E%9F%E4%B8%AD%E5%A4%AE
AMU PLAZA 長崎,32.751648,129.871069,購物,長崎,長崎市・長崎站,"アミュプラザ長崎
長崎站直結／2023 新館開幕／長崎伴手禮一站購足
與長崎站直結的購物中心，2023 年新館開幕後規模大增。回程或抵達日買伴手禮最方便。
約 10:00–20:00（餐廳較晚）；與長崎萬豪酒店同一棟建築群。
營業：10:00–20:00
建議停留：1.5–2 小時",nominatim,https://www.google.com/maps/search/?api=1&query=%E3%82%A2%E3%83%9F%E3%83%A5%E3%83%97%E3%83%A9%E3%82%B6%E9%95%B7%E5%B4%8E%20%E9%95%B7%E5%B4%8E%E5%B8%82%E3%83%BB%E9%95%B7%E5%B4%8E%E7%AB%99
みらい長崎ココウォーク,32.762207,129.864828,購物,長崎,長崎市・茂里町,"屋頂摩天輪／電影院／約 110 間店
長崎最大的複合商場，屋頂有摩天輪可看長崎市區與稻佐山。
路面電車「觀光通」往北約 8 分（茂里町站）。約 10:00–21:00。
營業：10:00–21:00
建議停留：1.5–2 小時",nominatim,https://www.google.com/maps/search/?api=1&query=%E3%81%BF%E3%82%89%E3%81%84%E9%95%B7%E5%B4%8E%E3%82%B3%E3%82%B3%E3%82%A6%E3%82%A9%E3%83%BC%E3%82%AF%20%E9%95%B7%E5%B4%8E%E5%B8%82%E3%83%BB%E8%8C%82%E9%87%8C%E7%94%BA
ジョイフルサン 宝町店,32.759569,129.867383,購物,長崎,長崎市・宝町,"長崎本地連鎖超市（ジョイフルサン），想看當地人日常買什麼、或找長崎限定食品可以來這裡。
距Coruscant Hotel 長崎駅Ⅲ約 772m／步行約 10 分（實測直線距離）。座標來自 OSM 節點。
營業：OSM 未記錄（現場確認）
建議停留：10–30 分",overpass,https://www.google.com/maps/search/?api=1&query=%E3%82%B8%E3%83%A7%E3%82%A4%E3%83%95%E3%83%AB%E3%82%B5%E3%83%B3%20%E5%AE%9D%E7%94%BA%E5%BA%97%20%E9%95%B7%E5%B4%8E%E5%B8%82%E3%83%BB%E5%AE%9D%E7%94%BA
ファミリーマート（長崎駅前）,32.751748,129.871521,購物,長崎,長崎市・大黑町,"ファミリーマート
24 小時，回旅館路上順路；ATM 與宅配寄件都能辦。
距Coruscant Hotel 長崎駅Ⅲ約 489m／步行約 6 分（實測直線距離）。座標來自 OSM 節點。
營業：24 小時
建議停留：10–30 分",overpass,https://www.google.com/maps/search/?api=1&query=%E3%83%95%E3%82%A1%E3%83%9F%E3%83%AA%E3%83%BC%E3%83%9E%E3%83%BC%E3%83%88%20%E9%95%B7%E5%B4%8E%E5%B8%82%E3%83%BB%E5%A4%A7%E9%BB%91%E7%94%BA
フーズ・ホットライン長崎店,32.756573,129.867504,購物,長崎,長崎市・宝町,"地區型超市，生鮮與熟食便宜，觀光客少、價格實在。
距Coruscant Hotel 長崎駅Ⅲ約 630m／步行約 8 分（實測直線距離）。座標來自 OSM 節點。
營業：OSM 未記錄（現場確認）
建議停留：10–30 分",overpass,https://www.google.com/maps/search/?api=1&query=%E3%83%95%E3%83%BC%E3%82%BA%E3%83%BB%E3%83%9B%E3%83%83%E3%83%88%E3%83%A9%E3%82%A4%E3%83%B3%E9%95%B7%E5%B4%8E%E5%BA%97%20%E9%95%B7%E5%B4%8E%E5%B8%82%E3%83%BB%E5%AE%9D%E7%94%BA
ローソン（長崎駅Ⅲ 最近）,32.752532,129.872155,購物,長崎,長崎市・大黑町,"ローソン
離旅館最近的 24 小時便利商店。長崎這一帶超市晚上多半關了，深夜靠這裡。
距Coruscant Hotel 長崎駅Ⅲ約 384m／步行約 5 分（實測直線距離）。座標來自 OSM 節點。
營業：24 小時
建議停留：10–30 分",overpass,https://www.google.com/maps/search/?api=1&query=%E3%83%AD%E3%83%BC%E3%82%BD%E3%83%B3%20%E9%95%B7%E5%B4%8E%E5%B8%82%E3%83%BB%E5%A4%A7%E9%BB%91%E7%94%BA
夢彩都,32.746263,129.870253,購物,長崎,長崎市・元船町,"長崎港旁購物中心／超市與美食街
長崎港邊的購物中心，離大波止（軍艦島船碼頭）步行 3 分——2/7 等船或下船後的最佳去處。
約 10:00–20:00。
營業：10:00–20:00
建議停留：1 小時",google,https://www.google.com/maps/search/?api=1&query=%E5%A4%A2%E5%BD%A9%E9%83%BD%20%E9%95%B7%E5%B4%8E%E5%B8%82%E3%83%BB%E5%85%83%E8%88%B9%E7%94%BA
岩永 梅寿軒,32.746667,129.880997,購物,長崎,長崎市,"1830 年創業的和菓子老鋪，長崎蜂蜜蛋糕的第三個選擇（福砂屋、文明堂之外的行家選項）。
⚠️ 蜂蜜蛋糕常需預約，當日不一定買得到。
食べログ 3.68",google,https://www.google.com/maps/search/?api=1&query=%E5%B2%A9%E6%B0%B8%20%E6%A2%85%E5%AF%BF%E8%BB%92%20%E9%95%B7%E5%B4%8E%E5%B8%82
文明堂總本店,32.745624,129.872428,購物,長崎,長崎市,"文明堂総本店
1900 年創業的蜂蜜蛋糕大廠，與福砂屋並列長崎兩大。福砂屋走扎實濕潤、文明堂偏細緻鬆軟，可以各買一條比較。
約 09:00–18:00；濱町與長崎站都有店。
營業：09:00–18:00
建議停留：20 分",google,https://www.google.com/maps/search/?api=1&query=%E6%96%87%E6%98%8E%E5%A0%82%E7%B7%8F%E6%9C%AC%E5%BA%97%20%E9%95%B7%E5%B4%8E%E5%B8%82
福砂屋 本店,32.741644,129.879395,購物,長崎,長崎市,"1624 年創業的蜂蜜蛋糕元祖，長崎伴手禮的第一選擇。
Cube 小包裝適合送人；本店在思案橋一帶。
營業：09:30–17:00
建議停留：20 分",google,https://www.google.com/maps/search/?api=1&query=%E7%A6%8F%E7%A0%82%E5%B1%8B%20%E6%9C%AC%E5%BA%97%20%E9%95%B7%E5%B4%8E%E5%B8%82
西友 長崎,32.751239,129.87099,購物,長崎,長崎市・大黑町,"西友
離長崎駅Ⅲ 最近的大型超市，西友系品項齊全，適合公寓式房型自炊或買宵夜。
距Coruscant Hotel 長崎駅Ⅲ約 563m／步行約 7 分（實測直線距離）。座標來自 OSM 節點。
營業：OSM 未記錄（現場確認；西友多為 24 小時或到深夜）
建議停留：10–30 分",overpass,https://www.google.com/maps/search/?api=1&query=%E8%A5%BF%E5%8F%8B%20%E9%95%B7%E5%B4%8E%E5%B8%82%E3%83%BB%E5%A4%A7%E9%BB%91%E7%94%BA
長崎濱町商店街,32.743942,129.878602,購物,長崎,長崎市,"浜町アーケード
有頂棚商店街／燈會裝飾／觀光通
長崎最大的有頂棚商店街，燈會期間整條掛滿燈籠，下雨也能逛。
建議停留：1 小時",google,https://www.google.com/maps/search/?api=1&query=%E6%B5%9C%E7%94%BA%E3%82%A2%E3%83%BC%E3%82%B1%E3%83%BC%E3%83%89%20%E9%95%B7%E5%B4%8E%E5%B8%82
BEAR FRUITS（燒咖哩）,33.9456,130.9612,餐飲,北九州,北九州市,"ベアフルーツ 門司港本店
門司港名物「燒咖哩」的人氣代表店，咖哩上鋪蛋與起司焗烤，就在門司港站旁。
約 ¥1,000–1,500；用餐時段排隊。門司港有 20 幾家燒咖哩店，這家最好找。
價位：約 ¥1,000–1,500
營業：11:00–21:00
建議停留：45 分
食べログ 3.50",manual,https://www.google.com/maps/search/?api=1&query=%E3%83%99%E3%82%A2%E3%83%95%E3%83%AB%E3%83%BC%E3%83%84%20%E9%96%80%E5%8F%B8%E6%B8%AF%E6%9C%AC%E5%BA%97%20%E5%8C%97%E4%B9%9D%E5%B7%9E%E5%B8%82
こがねむし,33.946905,130.966453,餐飲,北九州,北九州市・門司港,"門司地區第 1 名，昭和感十足的老喫茶店。
⚠️ 門司港整體分數天花板較低（第 1 名 3.58），這是小城市的常態，不代表不好吃。
食べログ 3.58",nominatim,https://www.google.com/maps/search/?api=1&query=%E3%81%93%E3%81%8C%E3%81%AD%E3%82%80%E3%81%97%20%E5%8C%97%E4%B9%9D%E5%B7%9E%E5%B8%82%E3%83%BB%E9%96%80%E5%8F%B8%E6%B8%AF
つる平 アミュプラザ小倉,33.88664,130.881977,餐飲,北九州,北九州市・小倉,"小倉站 AMU PLAZA 內的和菓子店，穆斯林對應——2/4 在小倉轉車時可買伴手禮。
清真：友善",google,https://www.google.com/maps/search/?api=1&query=%E3%81%A4%E3%82%8B%E5%B9%B3%20%E3%82%A2%E3%83%9F%E3%83%A5%E3%83%97%E3%83%A9%E3%82%B6%E5%B0%8F%E5%80%89%20%E5%8C%97%E4%B9%9D%E5%B7%9E%E5%B8%82%E3%83%BB%E5%B0%8F%E5%80%89
ふく料理 しのだ,33.953567,130.920736,餐飲,北九州,下關市,"下關人說「ふく」不說「ふぐ」（避開「不遇」的諧音）——這家店名就是這個在地說法。
食べログ 3.56",google,https://www.google.com/maps/search/?api=1&query=%E3%81%B5%E3%81%8F%E6%96%99%E7%90%86%20%E3%81%97%E3%81%AE%E3%81%A0%20%E4%B8%8B%E9%97%9C%E5%B8%82
もじこい,33.945906,130.963657,餐飲,北九州,北九州市・門司港,"門司港的清真對應咖哩店，與プリンセスピピ 一起讓門司港成為這趟少數清真選項充足的地方。
⚠️ 出發前請再確認營業狀況。
清真：True",google,https://www.google.com/maps/search/?api=1&query=%E3%82%82%E3%81%98%E3%81%93%E3%81%84%20%E5%8C%97%E4%B9%9D%E5%B7%9E%E5%B8%82%E3%83%BB%E9%96%80%E5%8F%B8%E6%B8%AF
フルーツファクトリー モーン デ レトロ,33.947717,130.963436,餐飲,北九州,北九州市・門司港,"水果店直營的甜點咖啡，門司港復古區內的休息點。
食べログ 3.54",google,https://www.google.com/maps/search/?api=1&query=%E3%83%95%E3%83%AB%E3%83%BC%E3%83%84%E3%83%95%E3%82%A1%E3%82%AF%E3%83%88%E3%83%AA%E3%83%BC%20%E3%83%A2%E3%83%BC%E3%83%B3%20%E3%83%87%20%E3%83%AC%E3%83%88%E3%83%AD%20%E5%8C%97%E4%B9%9D%E5%B7%9E%E5%B8%82%E3%83%BB%E9%96%80%E5%8F%B8%E6%B8%AF
プリンセスピピ門司港,33.945545,130.960993,餐飲,北九州,北九州市・門司港,"世界にひとつだけの焼きカレー プリンセスピピ門司港
⭐ 難得的雙重身分：既在門司港燒咖哩的 Tabelog 排行內（3.43），又被列為穆斯林對應店——清真旅客在 2/4 也吃得到門司港名物。
⚠️ 為「對應」而非認證，點餐時請向店家確認。
食べログ 3.43
清真：友善",nominatim,https://www.google.com/maps/search/?api=1&query=%E4%B8%96%E7%95%8C%E3%81%AB%E3%81%B2%E3%81%A8%E3%81%A4%E3%81%A0%E3%81%91%E3%81%AE%E7%84%BC%E3%81%8D%E3%82%AB%E3%83%AC%E3%83%BC%20%E3%83%97%E3%83%AA%E3%83%B3%E3%82%BB%E3%82%B9%E3%83%94%E3%83%94%E9%96%80%E5%8F%B8%E6%B8%AF%20%E5%8C%97%E4%B9%9D%E5%B7%9E%E5%B8%82%E3%83%BB%E9%96%80%E5%8F%B8%E6%B8%AF
ミルクホール門司港,33.945784,130.961365,餐飲,北九州,北九州市・門司港,"門司港復古區的老派喫茶店，配合整區大正氛圍。
食べログ 3.50",google,https://www.google.com/maps/search/?api=1&query=%E3%83%9F%E3%83%AB%E3%82%AF%E3%83%9B%E3%83%BC%E3%83%AB%E9%96%80%E5%8F%B8%E6%B8%AF%20%E5%8C%97%E4%B9%9D%E5%B7%9E%E5%B8%82%E3%83%BB%E9%96%80%E5%8F%B8%E6%B8%AF
レストラン 高津,33.951678,130.943673,餐飲,北九州,下關市,"下關地區食べログ排行前段（4.09）。這批是我用 Tabelog 各區「依評分排序」頁面掃出來、原本名單漏掉的高分店。
⚠️ 只查證了分數與所在地區，營業時間、價位、是否需預約都未查證——多為高單價或預約制，去之前請用 popup 的食べログ連結自行確認。座標為區域概略位置，導航用 Google Maps 連結。
建議停留：1–2 小時
食べログ 4.09",area,https://www.google.com/maps/search/?api=1&query=%E3%83%AC%E3%82%B9%E3%83%88%E3%83%A9%E3%83%B3%20%E9%AB%98%E6%B4%A5%20%E4%B8%8B%E9%97%9C%E5%B8%82
三井倶楽部（レストラン）,33.945547,130.963496,餐飲,北九州,北九州市・門司港,"三井倶楽部
就在舊門司三井俱樂部（愛因斯坦住過的洋館）裡的餐廳，可以在重要文化財裡吃飯。
食べログ 3.44",area,https://www.google.com/maps/search/?api=1&query=%E4%B8%89%E4%BA%95%E5%80%B6%E6%A5%BD%E9%83%A8%20%E5%8C%97%E4%B9%9D%E5%B7%9E%E5%B8%82%E3%83%BB%E9%96%80%E5%8F%B8%E6%B8%AF
三枡,33.951061,130.924253,餐飲,北九州,下關市,"下關評分第 2 名（第 1 名是法式），做河豚與海鮮的居酒屋——比正式割烹好入手。
⚠️ 建議訂位。
食べログ 3.76",google,https://www.google.com/maps/search/?api=1&query=%E4%B8%89%E6%9E%A1%20%E4%B8%8B%E9%97%9C%E5%B8%82
下関くじら館,33.951931,130.929013,餐飲,北九州,下關市,"下關也是日本捕鯨的重要港，這家是鯨魚料理專門店。⚠️ 是否要吃請自行斟酌。
食べログ 3.53",google,https://www.google.com/maps/search/?api=1&query=%E4%B8%8B%E9%96%A2%E3%81%8F%E3%81%98%E3%82%89%E9%A4%A8%20%E4%B8%8B%E9%97%9C%E5%B8%82
伽哩本舗 門司港レトロ店,33.945995,130.96162,餐飲,北九州,北九州市・門司港,"門司港燒咖哩評分最高的一家（3.55，比 BEAR FRUITS 的 3.50 高），全年供應十幾種燒咖哩。
2/4 吃燒咖哩的首選；就在門司港復古區內。
食べログ 3.55",google,https://www.google.com/maps/search/?api=1&query=%E4%BC%BD%E5%93%A9%E6%9C%AC%E8%88%97%20%E9%96%80%E5%8F%B8%E6%B8%AF%E3%83%AC%E3%83%88%E3%83%AD%E5%BA%97%20%E5%8C%97%E4%B9%9D%E5%B7%9E%E5%B8%82%E3%83%BB%E9%96%80%E5%8F%B8%E6%B8%AF
元祖 瓦そば たかせ 門司港レトロ店,33.945924,130.963676,餐飲,北九州,北九州市・門司港,"山口名物「瓦そば」（在燒熱的瓦片上煎茶蕎麥麵）的元祖店分店——2/4 跨海峽那天很應景。
食べログ 3.48",google,https://www.google.com/maps/search/?api=1&query=%E5%85%83%E7%A5%96%20%E7%93%A6%E3%81%9D%E3%81%B0%20%E3%81%9F%E3%81%8B%E3%81%9B%20%E9%96%80%E5%8F%B8%E6%B8%AF%E3%83%AC%E3%83%88%E3%83%AD%E5%BA%97%20%E5%8C%97%E4%B9%9D%E5%B7%9E%E5%B8%82%E3%83%BB%E9%96%80%E5%8F%B8%E6%B8%AF
唐戶市場,33.956624,130.945817,餐飲,北九州,下關市,"唐戸市場
下關是日本河豚（ふく）的最大集散地，2 月正是河豚季；市場內週五六日與假日有「活跳跳馬關街」壽司攤。
⚠️ 平日（週一至四）攤販少很多，只有零售與少數食堂——你若排週四去，要有心理準備或改吃店面。市場約 05:00–15:00，中午前結束最熱鬧的時段。
價位：約 ¥2,000–4,000
營業：約 05:00–15:00（壽司攤週五六日與假日）
建議停留：1.5 小時
食べログ 3.57",nominatim,https://www.google.com/maps/search/?api=1&query=%E5%94%90%E6%88%B8%E5%B8%82%E5%A0%B4%20%E4%B8%8B%E9%97%9C%E5%B8%82
圭順,33.908299,130.938704,餐飲,北九州,北九州市・門司,"門司地區評分最高的拉麵。
食べログ 3.51",google,https://www.google.com/maps/search/?api=1&query=%E5%9C%AD%E9%A0%86%20%E5%8C%97%E4%B9%9D%E5%B7%9E%E5%B8%82%E3%83%BB%E9%96%80%E5%8F%B8
広島お好み焼き 弘々家,33.951834,130.942326,餐飲,北九州,下關市,"下關地區食べログ排行前段（3.74）。這批是我用 Tabelog 各區「依評分排序」頁面掃出來、原本名單漏掉的高分店。
⚠️ 只查證了分數與所在地區，營業時間、價位、是否需預約都未查證——多為高單價或預約制，去之前請用 popup 的食べログ連結自行確認。座標為區域概略位置，導航用 Google Maps 連結。
建議停留：1–2 小時
食べログ 3.74",area,https://www.google.com/maps/search/?api=1&query=%E5%BA%83%E5%B3%B6%E3%81%8A%E5%A5%BD%E3%81%BF%E7%84%BC%E3%81%8D%20%E5%BC%98%E3%80%85%E5%AE%B6%20%E4%B8%8B%E9%97%9C%E5%B8%82
日和庵,33.952306,130.94322,餐飲,北九州,下關市,"下關地區食べログ排行前段（3.71）。這批是我用 Tabelog 各區「依評分排序」頁面掃出來、原本名單漏掉的高分店。
⚠️ 只查證了分數與所在地區，營業時間、價位、是否需預約都未查證——多為高單價或預約制，去之前請用 popup 的食べログ連結自行確認。座標為區域概略位置，導航用 Google Maps 連結。
建議停留：1–2 小時
食べログ 3.71",area,https://www.google.com/maps/search/?api=1&query=%E6%97%A5%E5%92%8C%E5%BA%B5%20%E4%B8%8B%E9%97%9C%E5%B8%82
旬楽館,33.956552,130.943336,餐飲,北九州,下關市,"下關河豚專門店，2 月正季。
⚠️ 需訂位，河豚套餐價位較高。
食べログ 3.65",nominatim,https://www.google.com/maps/search/?api=1&query=%E6%97%AC%E6%A5%BD%E9%A4%A8%20%E4%B8%8B%E9%97%9C%E5%B8%82
春帆楼 下関本店,33.959097,130.948013,餐飲,北九州,下關市,"日本第一家獲准供應河豚的料亭（1888 年），也是 1895 年馬關條約簽署地——吃河豚兼看歷史現場。
⚠️ 需訂位，價位高；旁邊就是日清講和記念館。
食べログ 3.60",google,https://www.google.com/maps/search/?api=1&query=%E6%98%A5%E5%B8%86%E6%A5%BC%20%E4%B8%8B%E9%96%A2%E6%9C%AC%E5%BA%97%20%E4%B8%8B%E9%97%9C%E5%B8%82
資さんうどん（小倉）,33.837281,130.909949,餐飲,北九州,北九州市・小倉,"資さんうどん
北九州的靈魂食堂，24 小時營業的連鎖烏龍麵店，當地人從小吃到大。飯後的「ぼた餅」是招牌甜點。
一碗約 ¥600–900；2/4 在小倉轉車時可快速解決一餐。
價位：約 ¥600–900
營業：24 小時
建議停留：25 分",google,https://www.google.com/maps/search/?api=1&query=%E8%B3%87%E3%81%95%E3%82%93%E3%81%86%E3%81%A9%E3%82%93%20%E5%8C%97%E4%B9%9D%E5%B7%9E%E5%B8%82%E3%83%BB%E5%B0%8F%E5%80%89
魚正本陣,33.959891,130.942859,餐飲,北九州,下關市,"下關的居酒屋型河豚店，比料亭輕鬆。
食べログ 3.60",nominatim,https://www.google.com/maps/search/?api=1&query=%E9%AD%9A%E6%AD%A3%E6%9C%AC%E9%99%A3%20%E4%B8%8B%E9%97%9C%E5%B8%82
B-speak,33.265644,131.359873,餐飲,大分,由布市,"由布院最有名的伴手禮，山莊無量塔經營的蛋糕捲，常在中午前售完。
Pロール 一條 ¥1,620（原味／巧克力）；只能冷藏當天吃，不適合帶回台灣。由布院駅步行約 3 分、無停車場。⚠️ 常在中午前售完，但可以電話預約：取貨日 5 天前起受理，專線 0977-28-2066（只收電話預約）——2/8 要買的話 2/3 起就能打。定休為不定休（一年約 2 次）。
價位：整條約 ¥1,600
營業：10:00–17:00
建議停留：15 分
食べログ 3.63",nominatim,https://www.google.com/maps/search/?api=1&query=B-speak%20%E7%94%B1%E5%B8%83%E5%B8%82
CAFE LA RUCHE,33.267372,131.368829,餐飲,大分,由布市,"金鱗湖畔的咖啡廳（マルク・シャガール美術館併設），看湖景喝咖啡。
食べログ 3.53",nominatim,https://www.google.com/maps/search/?api=1&query=CAFE%20LA%20RUCHE%20%E7%94%B1%E5%B8%83%E5%B8%82
JIMGU,33.276365,131.365192,餐飲,大分,由布市,"湯布院第 3 名、非旅館類的第 1 名。創新料理（イノベーティブ），是湯布院近年最受注目的餐廳。
⚠️ 需訂位。
食べログ 3.88",google,https://www.google.com/maps/search/?api=1&query=JIMGU%20%E7%94%B1%E5%B8%83%E5%B8%82
おやど二本の葦束,33.263886,131.356268,餐飲,大分,由布市,"湯布院地區食べログ排行前段（3.74）。這批是我用 Tabelog 各區「依評分排序」頁面掃出來、原本名單漏掉的高分店。
⚠️ 只查證了分數與所在地區，營業時間、價位、是否需預約都未查證——多為高單價或預約制，去之前請用 popup 的食べログ連結自行確認。座標為區域概略位置，導航用 Google Maps 連結。
建議停留：1–2 小時
食べログ 3.74",area,https://www.google.com/maps/search/?api=1&query=%E3%81%8A%E3%82%84%E3%81%A9%E4%BA%8C%E6%9C%AC%E3%81%AE%E8%91%A6%E6%9D%9F%20%E7%94%B1%E5%B8%83%E5%B8%82
みくま飯店,33.312394,130.932642,餐飲,大分,日田市,"日田燒麵的另一家名店，與想夫恋 並列雙璧。
食べログ 3.48",google,https://www.google.com/maps/search/?api=1&query=%E3%81%BF%E3%81%8F%E3%81%BE%E9%A3%AF%E5%BA%97%20%E6%97%A5%E7%94%B0%E5%B8%82
一番どり,33.317383,130.933287,餐飲,大分,日田市,"日田市第 3 名，雞料理。
食べログ 3.58",google,https://www.google.com/maps/search/?api=1&query=%E4%B8%80%E7%95%AA%E3%81%A9%E3%82%8A%20%E6%97%A5%E7%94%B0%E5%B8%82
三久,33.317056,130.932628,餐飲,大分,日田市,"日田評分最高的拉麵。
食べログ 3.55",google,https://www.google.com/maps/search/?api=1&query=%E4%B8%89%E4%B9%85%20%E6%97%A5%E7%94%B0%E5%B8%82
地鶏家（別府）,33.27966,131.501,餐飲,大分,別府市,"地鶏家 別府
大分縣少數持清真認證的日式餐廳（雞料理），在別府。
⚠️ 由布院搭 JR 約 1 小時；本趟行程不排別府，要吃需另外安排半天。
清真：True",area,https://www.google.com/maps/search/?api=1&query=%E5%9C%B0%E9%B6%8F%E5%AE%B6%20%E5%88%A5%E5%BA%9C%20%E5%88%A5%E5%BA%9C%E5%B8%82
寶屋 本店,33.317411,130.937945,餐飲,大分,日田市,"日田的老食堂。
食べログ 3.44",nominatim,https://www.google.com/maps/search/?api=1&query=%E5%AF%B6%E5%B1%8B%20%E6%9C%AC%E5%BA%97%20%E6%97%A5%E7%94%B0%E5%B8%82
想夫恋 日田本店,33.310829,130.942062,餐飲,大分,日田市,"想夫恋 日田総本店
日田燒麵（日田焼きそば）的元祖店，麵先煎到帶焦脆再炒，跟一般日式炒麵完全是兩種東西，是日田唯一的必吃。
約 ¥800–1,200；官方店名是「日田総本店」（日田市若宮町 416-1，日田站附近），豆田町一帶另有分店。定休日只有元日與少數不定休，2/9（二）正常營業。
價位：約 ¥800–1,200
營業：11:00–21:30
建議停留：40 分
食べログ 3.71",google,https://www.google.com/maps/search/?api=1&query=%E6%83%B3%E5%A4%AB%E6%81%8B%20%E6%97%A5%E7%94%B0%E7%B7%8F%E6%9C%AC%E5%BA%97%20%E6%97%A5%E7%94%B0%E5%B8%82
戸山うなぎ,33.305366,130.944963,餐飲,大分,日田市,"日田的鰻魚老店。
食べログ 3.54",google,https://www.google.com/maps/search/?api=1&query=%E6%88%B8%E5%B1%B1%E3%81%86%E3%81%AA%E3%81%8E%20%E6%97%A5%E7%94%B0%E5%B8%82
日田まぶし千屋,33.327285,130.937331,餐飲,大分,日田市,"日田的鰻魚三吃，與由布院的「由布まぶし 心」是同一種吃法——2/9 選 A 案時的另一個午餐選項。
食べログ 3.54",google,https://www.google.com/maps/search/?api=1&query=%E6%97%A5%E7%94%B0%E3%81%BE%E3%81%B6%E3%81%97%E5%8D%83%E5%B1%8B%20%E6%97%A5%E7%94%B0%E5%B8%82
檪の丘,33.263267,131.329941,餐飲,大分,由布市,"由布岳山腳的窯烤披薩，露臺正對由布岳——2/9 選 B 案（純泡湯日）時的午餐。
⚠️ 離市街有距離，需開車或計程車。
食べログ 3.67",google,https://www.google.com/maps/search/?api=1&query=%E6%AA%AA%E3%81%AE%E4%B8%98%20%E7%94%B1%E5%B8%83%E5%B8%82
湯の岳庵,33.266123,131.368644,餐飲,大分,由布市,"亀の井別荘 館內的餐廳，非住客也能用餐——想吃到御三家水準的料理但不住那裡，這是最直接的方式。
⚠️ 建議訂位；就在金鱗湖旁。
食べログ 3.74",google,https://www.google.com/maps/search/?api=1&query=%E6%B9%AF%E3%81%AE%E5%B2%B3%E5%BA%B5%20%E7%94%B1%E5%B8%83%E5%B8%82
甘味茶屋,33.310572,131.486642,餐飲,大分,別府市,"甘味茶屋 別府
大分鄉土甜點與輕食，Tabelog 3.58，被 Halal Gourmet Japan 列為不使用豬肉。
⚠️ Halal Gourmet Japan 把它標在由布市／湯布院，但 Tabelog 顯示在別府市——出發前請自行確認你要去的是哪一家分店。⚠️「不使用豬肉」不等於清真認證。
食べログ 3.58
清真：友善",nominatim,https://www.google.com/maps/search/?api=1&query=%E7%94%98%E5%91%B3%E8%8C%B6%E5%B1%8B%20%E5%88%A5%E5%BA%9C%20%E5%88%A5%E5%BA%9C%E5%B8%82
由布まぶし 心,33.262965,131.355675,餐飲,大分,由布市,"由布院駅前的人氣飯類名店，把豐後牛鋪在釜飯上，吃法有三段（原味 → 蔥薑 → 茶泡飯）。
約 ¥2,500–3,500；不接受預約要現場排隊。⚠️ 兩家分店定休日不同：駅前支店不定休、金鱗湖本店週二休——2/9（二）只能去駅前支店（由布院站步行 1–2 分）。2/8 午餐同樣建議駅前支店。
價位：約 ¥2,500–3,500
營業：駅前支店 10:30–20:30（L.O.19:30）／金鱗湖本店 10:30–18:30（L.O.17:30）
建議停留：1 小時",google,https://www.google.com/maps/search/?api=1&query=%E7%94%B1%E5%B8%83%E3%81%BE%E3%81%B6%E3%81%97%20%E5%BF%83%20%E7%94%B1%E5%B8%83%E5%B8%82
由布院 鞠智,33.266253,131.361945,餐飲,大分,由布市,"湯之坪街道上的銅鑼燒與咖啡，建築本身也很有設計感。
食べログ 3.57",google,https://www.google.com/maps/search/?api=1&query=%E7%94%B1%E5%B8%83%E9%99%A2%20%E9%9E%A0%E6%99%BA%20%E7%94%B1%E5%B8%83%E5%B8%82
由布院Milch 本店,33.26623,131.361593,餐飲,大分,由布市,"湯之坪街道的排隊點心，現烤半熟起司蛋糕一個 ¥150 上下。
食べログ 3.57",google,https://www.google.com/maps/search/?api=1&query=%E7%94%B1%E5%B8%83%E9%99%A2Milch%20%E6%9C%AC%E5%BA%97%20%E7%94%B1%E5%B8%83%E5%B8%82
茶房 天井棧敷,33.266075,131.368346,餐飲,大分,由布市,"亀の井別荘 的茶房，江戶時代穀倉改建，湯布院最有氣氛的咖啡廳。
金鱗湖步行約 3 分；下午常客滿。
食べログ 3.66",google,https://www.google.com/maps/search/?api=1&query=%E8%8C%B6%E6%88%BF%20%E5%A4%A9%E4%BA%95%E6%A3%A7%E6%95%B7%20%E7%94%B1%E5%B8%83%E5%B8%82
金賞可樂餅（湯之坪）,33.267671,131.365781,餐飲,大分,由布市,"由布院 金賞コロッケ
湯之坪街道上的招牌小吃，一顆約 ¥200，邊走邊吃剛好。
街道上的甜點與小吃店 17:30 前都會打烊。
價位：約 ¥200–600
營業：09:00–17:30
建議停留：20 分",nominatim,https://www.google.com/maps/search/?api=1&query=%E7%94%B1%E5%B8%83%E9%99%A2%20%E9%87%91%E8%B3%9E%E3%82%B3%E3%83%AD%E3%83%83%E3%82%B1%20%E7%94%B1%E5%B8%83%E5%B8%82
.know,32.803458,130.707128,餐飲,熊本,熊本市,"熊本地區食べログ排行前段（3.84）。這批是我用 Tabelog 各區「依評分排序」頁面掃出來、原本名單漏掉的高分店。
⚠️ 只查證了分數與所在地區，營業時間、價位、是否需預約都未查證——多為高單價或預約制，去之前請用 popup 的食べログ連結自行確認。座標為區域概略位置，導航用 Google Maps 連結。
建議停留：1–2 小時
食べログ 3.84",area,https://www.google.com/maps/search/?api=1&query=.know%20%E7%86%8A%E6%9C%AC%E5%B8%82
IL CASINO,32.803053,130.708356,餐飲,熊本,熊本市,"熊本地區食べログ排行前段（3.86）。這批是我用 Tabelog 各區「依評分排序」頁面掃出來、原本名單漏掉的高分店。
⚠️ 只查證了分數與所在地區，營業時間、價位、是否需預約都未查證——多為高單價或預約制，去之前請用 popup 的食べログ連結自行確認。座標為區域概略位置，導航用 Google Maps 連結。
建議停留：1–2 小時
食べログ 3.86",area,https://www.google.com/maps/search/?api=1&query=IL%20CASINO%20%E7%86%8A%E6%9C%AC%E5%B8%82
むつ五郎,32.800789,130.706014,餐飲,熊本,熊本市,"熊本鄉土料理與馬肉，2/2 選 B 案時的晚餐選項。
食べログ 3.68",google,https://www.google.com/maps/search/?api=1&query=%E3%82%80%E3%81%A4%E4%BA%94%E9%83%8E%20%E7%86%8A%E6%9C%AC%E5%B8%82
むら上,32.800056,130.700981,餐飲,熊本,熊本市,"熊本市第 1 名（4.28），壽司。
⚠️ 極難訂。
食べログ 4.28",google,https://www.google.com/maps/search/?api=1&query=%E3%82%80%E3%82%89%E4%B8%8A%20%E7%86%8A%E6%9C%AC%E5%B8%82
ステーキハウス バロン,32.80375,130.708966,餐飲,熊本,熊本市,"熊本地區食べログ排行前段（3.88）。這批是我用 Tabelog 各區「依評分排序」頁面掃出來、原本名單漏掉的高分店。
⚠️ 只查證了分數與所在地區，營業時間、價位、是否需預約都未查證——多為高單價或預約制，去之前請用 popup 的食べログ連結自行確認。座標為區域概略位置，導航用 Google Maps 連結。
建議停留：1–2 小時
食べログ 3.88",area,https://www.google.com/maps/search/?api=1&query=%E3%82%B9%E3%83%86%E3%83%BC%E3%82%AD%E3%83%8F%E3%82%A6%E3%82%B9%20%E3%83%90%E3%83%AD%E3%83%B3%20%E7%86%8A%E6%9C%AC%E5%B8%82
五郎八,32.789849,130.732885,餐飲,熊本,熊本市,"熊本馬肉評分最高的店之一，居酒屋形式比菅乃屋 輕鬆。
食べログ 3.73",nominatim,https://www.google.com/maps/search/?api=1&query=%E4%BA%94%E9%83%8E%E5%85%AB%20%E7%86%8A%E6%9C%AC%E5%B8%82
勝烈亭 新市街本店,32.798616,130.705876,餐飲,熊本,熊本市,"熊本最有名的炸豬排，就在熊本城下的新市街商店街。
食べログ 3.69",google,https://www.google.com/maps/search/?api=1&query=%E5%8B%9D%E7%83%88%E4%BA%AD%20%E6%96%B0%E5%B8%82%E8%A1%97%E6%9C%AC%E5%BA%97%20%E7%86%8A%E6%9C%AC%E5%B8%82
洋食の店 橋本,32.804007,130.710548,餐飲,熊本,熊本市,"熊本第 3 名的老派洋食店，3.94 卻是平價路線。
食べログ 3.94",google,https://www.google.com/maps/search/?api=1&query=%E6%B4%8B%E9%A3%9F%E3%81%AE%E5%BA%97%20%E6%A9%8B%E6%9C%AC%20%E7%86%8A%E6%9C%AC%E5%B8%82
熊本ラーメン 黒亭 本店,32.786146,130.691736,餐飲,熊本,熊本市,"熊本拉麵的代表，1957 年創業，焦蒜油（マー油）是熊本與博多豚骨最大的差別。
食べログ 3.68",google,https://www.google.com/maps/search/?api=1&query=%E7%86%8A%E6%9C%AC%E3%83%A9%E3%83%BC%E3%83%A1%E3%83%B3%20%E9%BB%92%E4%BA%AD%20%E6%9C%AC%E5%BA%97%20%E7%86%8A%E6%9C%AC%E5%B8%82
菅乃屋（馬肉）,32.800697,130.707124,餐飲,熊本,熊本市,"菅乃屋
熊本馬肉的老牌專門店，從牧場到餐桌一貫經營。
約 ¥3,000–6,000；建議訂位。
價位：約 ¥3,000–6,000
營業：11:00–22:00
建議停留：1.5 小時",google,https://www.google.com/maps/search/?api=1&query=%E8%8F%85%E4%B9%83%E5%B1%8B%20%E7%86%8A%E6%9C%AC%E5%B8%82
鮨中村,32.803266,130.708303,餐飲,熊本,熊本市,"熊本地區食べログ排行前段（4.06）。這批是我用 Tabelog 各區「依評分排序」頁面掃出來、原本名單漏掉的高分店。
⚠️ 只查證了分數與所在地區，營業時間、價位、是否需預約都未查證——多為高單價或預約制，去之前請用 popup 的食べログ連結自行確認。座標為區域概略位置，導航用 Google Maps 連結。
建議停留：1–2 小時
食べログ 4.06",area,https://www.google.com/maps/search/?api=1&query=%E9%AE%A8%E4%B8%AD%E6%9D%91%20%E7%86%8A%E6%9C%AC%E5%B8%82
Blue Bottle Coffee 福岡天神カフェ,33.587411,130.39971,餐飲,福岡,中央區・天神,"ブルーボトルコーヒー 福岡天神カフェ
藍瓶咖啡／福岡首間街邊店／警固神社旁
藍瓶咖啡在福岡的首間街邊門市，就在警固神社旁、天神地下街出口附近。
逛天神時的休息點。
福岡県福岡市中央区天神2-2-20 警固神社社務所ビル 1階⁠
營業：週一–週日 8:00–20:00
建議停留：30 分",google,https://www.google.com/maps/search/?api=1&query=%E3%83%96%E3%83%AB%E3%83%BC%E3%83%9C%E3%83%88%E3%83%AB%E3%82%B3%E3%83%BC%E3%83%92%E3%83%BC%20%E7%A6%8F%E5%B2%A1%E5%A4%A9%E7%A5%9E%E3%82%AB%E3%83%95%E3%82%A7%20%E4%B8%AD%E5%A4%AE%E5%8D%80%E3%83%BB%E5%A4%A9%E7%A5%9E
LIVING STEREO,33.582383,130.392588,餐飲,福岡,中央區・藥院,"LIVING STEREO MUSIC BAR & RECORD STORE
黑膠唱片行／咖啡＋酒吧／Loopwheeler 後方
★★★★★ 質感黑膠行兼咖啡酒吧，逛完 Loopwheeler 直接坐下來歇腳。
白天咖啡、晚上酒吧，時段不同氣氛差很多。
福岡県福岡市中央区薬院2-18-10 102
營業：週一–週四 17:00–1:00｜週五 17:00–2:00｜週六 15:00–2:00｜週日休
建議停留：40–60 分",google,https://www.google.com/maps/search/?api=1&query=LIVING%20STEREO%20MUSIC%20BAR%20%26%20RECORD%20STORE%20%E4%B8%AD%E5%A4%AE%E5%8D%80%E3%83%BB%E8%97%A5%E9%99%A2
Liquid Liquid,33.587416,130.393915,餐飲,福岡,中央區・大名,"小巧精緻空間／設計別出心裁
★★★ 空間小但設計很有想法的咖啡店。
⚠️ Google 標示「永久歇業」——出發前務必再確認，可能已經收了。　座位少，人多時要等。
福岡県福岡市中央区大名1-9-1 粋名ビル 1F
建議停留：30–40 分",google,https://www.google.com/maps/search/?api=1&query=Liquid%20Liquid%20%E4%B8%AD%E5%A4%AE%E5%8D%80%E3%83%BB%E5%A4%A7%E5%90%8D
Restaurant Sola,33.604638,130.399101,餐飲,福岡,博多區・中洲,"中洲第 1 名，法式餐廳，福岡最高評價的餐廳之一。
⚠️ 高級店，需提前訂位。
食べログ 4.02",google,https://www.google.com/maps/search/?api=1&query=Restaurant%20Sola%20%E5%8D%9A%E5%A4%9A%E5%8D%80%E3%83%BB%E4%B8%AD%E6%B4%B2
STAND POINT,33.583132,130.384541,餐飲,福岡,中央區・赤坂,"精品咖啡／位於工藝風向與 visvim 之間
★★★ 氛圍咖啡廳，剛好卡在工藝風向與 F.I.L. 中間，是這區的休息點。
福岡県福岡市中央区赤坂3-4-37 2F
營業：週一–週日 11:00–17:00
建議停留：30 分",google,https://www.google.com/maps/search/?api=1&query=STAND%20POINT%20%E4%B8%AD%E5%A4%AE%E5%8D%80%E3%83%BB%E8%B5%A4%E5%9D%82
Shin-Shin 天神本店,33.59275,130.396845,餐飲,福岡,中央區,"博多らーめん Shin-Shin 天神本店
當地人票選前段班的博多拉麵，湯頭清爽不厚重，比觀光店更接近日常口味。
11:00–翌 03:00、週日休；用餐時段常排 20–30 分。
價位：約 ¥900
營業：11:00–翌 03:00（週日休）
建議停留：40 分",google,https://www.google.com/maps/search/?api=1&query=%E5%8D%9A%E5%A4%9A%E3%82%89%E3%83%BC%E3%82%81%E3%82%93%20Shin-Shin%20%E5%A4%A9%E7%A5%9E%E6%9C%AC%E5%BA%97%20%E4%B8%AD%E5%A4%AE%E5%8D%80
VALIANT GALLERY.BAR,33.582851,130.396656,餐飲,福岡,中央區・今泉,"調酒／藝術展覽／塊根植物 Caudex
★★★★★ 藝廊酒吧，調酒＋展覽＋塊根植物，是這份清單裡最特別的夜間行程。
⚠️ Google 標示「永久歇業」——出發前務必再確認，可能已經收了。　酒吧性質，晚上才開；建議先查當期展覽。
福岡県福岡市中央区今泉2-3-18
建議停留：1–1.5 小時",google,https://www.google.com/maps/search/?api=1&query=VALIANT%20GALLERY.BAR%20%E4%B8%AD%E5%A4%AE%E5%8D%80%E3%83%BB%E4%BB%8A%E6%B3%89
bbb haus,33.594197,130.148163,餐飲,福岡,糸島市・志摩小金丸,"海景咖啡／下午茶／生活選品／設計感民宿
糸島海邊的設計旅宿，附設咖啡與選品，是這條海線上質感最高的一站。
住宿另計；只喝咖啡也可以進去。
福岡県糸島市志摩小金丸1897
建議停留：1 小時",google,https://www.google.com/maps/search/?api=1&query=bbb%20haus%20%E7%B3%B8%E5%B3%B6%E5%B8%82%E3%83%BB%E5%BF%97%E6%91%A9%E5%B0%8F%E9%87%91%E4%B8%B8
うどん平,33.583126,130.41604,餐飲,福岡,博多區,"博多烏龍麵的另一家名店，跟葉隠うどん常被拿來比較。
⚠️ 只開午餐時段、賣完就關，週日休。
價位：約 ¥600–900
食べログ 3.67",nominatim,https://www.google.com/maps/search/?api=1&query=%E3%81%86%E3%81%A9%E3%82%93%E5%B9%B3%20%E5%8D%9A%E5%A4%9A%E5%8D%80
うなぎの原田,33.127404,130.432991,餐飲,福岡,柳川市,"柳川鰻魚的第四選擇。
食べログ 3.40",nominatim,https://www.google.com/maps/search/?api=1&query=%E3%81%86%E3%81%AA%E3%81%8E%E3%81%AE%E5%8E%9F%E7%94%B0%20%E6%9F%B3%E5%B7%9D%E5%B8%82
うなぎ処 川よし,33.163634,130.414201,餐飲,福岡,柳川市,"柳川鰻魚三強之一（本吉屋 3.68、若松屋 3.56、川よし 3.56），排隊通常比前兩家短。
食べログ 3.56",nominatim,https://www.google.com/maps/search/?api=1&query=%E3%81%86%E3%81%AA%E3%81%8E%E5%87%A6%20%E5%B7%9D%E3%82%88%E3%81%97%20%E6%9F%B3%E5%B7%9D%E5%B8%82
かさの家（梅ヶ枝餅）,33.5199,130.534,餐飲,福岡,太宰府市,"かさの家
太宰府參道上的百年梅ヶ枝餅名店，現烤紅豆餡麻糬餅。
⚠️ 11:00 才開、17:30 打烊——2/10 從天滿宮下來要在 17:15 前進店。參道上十幾家都在賣，挑現烤的；每月 17 日限定艾草口味。年末年始・お盆・GW 與臨時休業另計（092-922-1010）。
價位：約 ¥130／個
營業：11:00–17:30
建議停留：20 分
食べログ 3.65",approx,https://www.google.com/maps/search/?api=1&query=%E3%81%8B%E3%81%95%E3%81%AE%E5%AE%B6%20%E5%A4%AA%E5%AE%B0%E5%BA%9C%E5%B8%82
かろのうろん,33.592461,130.411012,餐飲,福岡,博多區,"1882 年創業，博多最老的烏龍麵店之一，就在櫛田神社步行圈——2/3 節分那天順路。
⚠️ 定休是週二，不是週三（2026-08-19 查證 HotPepper 與官方資訊：月・水・木・金・土・日 11:00–19:00，火曜休、遇假日營業）——本行程 2/3（週三）有開。⚠️ 麵售完就提早結束；店面小要排隊。1882（明治 15）年創業，博多最老的烏龍麵店之一。
價位：約 ¥600–900
營業：11:00–19:00（⚠️ 麵售完提早關，常 17 點左右就收）
食べログ 3.68",nominatim,https://www.google.com/maps/search/?api=1&query=%E3%81%8B%E3%82%8D%E3%81%AE%E3%81%86%E3%82%8D%E3%82%93%20%E5%8D%9A%E5%A4%9A%E5%8D%80
すみ劇場 むさし坐,33.58779,130.403946,餐飲,福岡,中央區・渡邊通,"爐端燒／炭火串燒／喜多郎同集團
喜多郎壽司同集團的超人氣爐端燒／串燒居酒屋。
人氣店，建議預約。
福岡県福岡市中央区渡辺通5-5-12
營業：週一–週四 16:00–0:00｜週五–週六 15:00–0:00｜週日 15:00–23:00
建議停留：1.5–2 小時",google,https://www.google.com/maps/search/?api=1&query=%E3%81%99%E3%81%BF%E5%8A%87%E5%A0%B4%20%E3%82%80%E3%81%95%E3%81%97%E5%9D%90%20%E4%B8%AD%E5%A4%AE%E5%8D%80%E3%83%BB%E6%B8%A1%E9%82%8A%E9%80%9A
せいもん払い,33.592747,130.410069,餐飲,福岡,博多區・中洲,"中洲的居酒屋兼海鮮料理，評分高但比割烹好進去，適合想吃玄界灘漁獲又不想太正式時。
⚠️ 只做晚餐（17:00 起）、週日休（2026-08-19 查證）——午餐去不了。櫛田神社旁川端商店街上的居酒屋，產地直送魚介，招牌是活花枝。
營業：17:00–23:45（L.O.23:00）；⚠️ 週日休
食べログ 3.77",google,https://www.google.com/maps/search/?api=1&query=%E3%81%9B%E3%81%84%E3%82%82%E3%82%93%E6%89%95%E3%81%84%20%E5%8D%9A%E5%A4%9A%E5%8D%80%E3%83%BB%E4%B8%AD%E6%B4%B2
たんか 本店（清川）,33.5796031,130.4092956,餐飲,福岡,中央區・清川,"たんか 清川本店
⭐ 食べログ「焼肉 WEST 百名店 2025」入選店，3.69 分卻只要 ¥4,000–8,000，是這批裡百名店等級 CP 值最好的一家。主打牛舌串燒。
⚠️ 兩點先確認：①它的主力是牛舌（牛タン）串燒與涮牛舌，不是傳統烤盤燒肉，想要「自己烤五花」的體驗要另外選；②18:00 才開。清川 2-19-28，東急STAY博多步行約 16 分、地鐵渡辺通站或西鐵巴士柳橋一帶下車較近。Google 4.1★／462 則。百名店建議訂位。
價位：約 ¥4,000–8,000
營業：18:00 起
食べログ 3.69",google,https://www.google.com/maps/search/?api=1&query=%E3%81%9F%E3%82%93%E3%81%8B%20%E6%B8%85%E5%B7%9D%E6%9C%AC%E5%BA%97%20%E4%B8%AD%E5%A4%AE%E5%8D%80%E3%83%BB%E6%B8%85%E5%B7%9D
つきよし,33.596493,130.403936,餐飲,福岡,博多區・中洲,"居酒屋兼烏龍麵，中洲的在地口袋名單。
食べログ 3.73",google,https://www.google.com/maps/search/?api=1&query=%E3%81%A4%E3%81%8D%E3%82%88%E3%81%97%20%E5%8D%9A%E5%A4%9A%E5%8D%80%E3%83%BB%E4%B8%AD%E6%B4%B2
とり田 博多本店,33.596036,130.405893,餐飲,福岡,博多區,"博多水炊き名店，先喝一碗雞白湯再下料，是福岡冬天的另一個代表鍋物。
⚠️ 需訂位。定休日為不定休，2/2（二）一般正常營業；平日午晚餐之間 16:00–17:00 休息。（原註記：套餐約 ¥4,000 起，需訂位；町家改建的店面很有氣氛。）
價位：約 ¥4,000／人
營業：平日 11:30–16:00（L.O.15:00）／17:00–23:00（L.O.22:00）；週末假日 11:30–23:00
建議停留：1.5–2 小時
食べログ 3.66",google,https://www.google.com/maps/search/?api=1&query=%E3%81%A8%E3%82%8A%E7%94%B0%20%E5%8D%9A%E5%A4%9A%E6%9C%AC%E5%BA%97%20%E5%8D%9A%E5%A4%9A%E5%8D%80
にぎり塚本鮮魚店,33.546601,130.165311,餐飲,福岡,糸島市,"魚店直營的壽司，糸島最好入手的高分店之一。
食べログ 3.59",google,https://www.google.com/maps/search/?api=1&query=%E3%81%AB%E3%81%8E%E3%82%8A%E5%A1%9A%E6%9C%AC%E9%AE%AE%E9%AD%9A%E5%BA%97%20%E7%B3%B8%E5%B3%B6%E5%B8%82
にしむら（西村）,33.586153,130.412449,餐飲,福岡,博多區・博多站,"にしむら
博多地區食べログ第 1 名的壽司店。
⚠️ 完全預約制，2024/1 開業，主廚出身自 鮨さかい。高級店，需提前很久訂位，人均可能上萬日圓。⚠️ 午餐是 12:00 全員同時開始，遲到會影響整場。
營業：午 12:00–14:00（全員 12:00 同時開始）／晚 18:00 與 20:30 兩輪；⚠️ 週一午餐不營業
食べログ 4.07",google,https://www.google.com/maps/search/?api=1&query=%E3%81%AB%E3%81%97%E3%82%80%E3%82%89%20%E5%8D%9A%E5%A4%9A%E5%8D%80%E3%83%BB%E5%8D%9A%E5%A4%9A%E7%AB%99
またいちの塩 製塩所 工房とったん,33.577182,130.08974,餐飲,福岡,糸島市・志摩芥屋,"花鹽布丁／海景製鹽所／鹽味甜點
絕美海景製鹽所，招牌「花鹽布丁」配海景是糸島的經典畫面。
⚠️ 位置偏、路窄，沒車幾乎到不了；營業日與時間季節性調整，出發前查官網。
福岡県糸島市志摩芥屋3757
營業：週一–週日 10:00–17:00
建議停留：40–60 分",google,https://www.google.com/maps/search/?api=1&query=%E3%81%BE%E3%81%9F%E3%81%84%E3%81%A1%E3%81%AE%E5%A1%A9%20%E8%A3%BD%E5%A1%A9%E6%89%80%20%E5%B7%A5%E6%88%BF%E3%81%A8%E3%81%A3%E3%81%9F%E3%82%93%20%E7%B3%B8%E5%B3%B6%E5%B8%82%E3%83%BB%E5%BF%97%E6%91%A9%E8%8A%A5%E5%B1%8B
もつ鍋 極味や 福岡赤坂店,33.586928,130.391028,餐飲,福岡,中央區・赤坂,"⭐ 號稱「世界第一家清真對應的もつ鍋店」，使用清真認證調味料與分開的烹調器具，另有清真認證和牛。清真旅客也能吃到博多牛腸鍋這個名物。
⚠️ 需預約並註明清真；與天神的「極味や 漢堡排」是同集團但不同店。
清真：True",google,https://www.google.com/maps/search/?api=1&query=%E3%82%82%E3%81%A4%E9%8D%8B%20%E6%A5%B5%E5%91%B3%E3%82%84%20%E7%A6%8F%E5%B2%A1%E8%B5%A4%E5%9D%82%E5%BA%97%20%E4%B8%AD%E5%A4%AE%E5%8D%80%E3%83%BB%E8%B5%A4%E5%9D%82
やきとり五二六,33.588523,130.403718,餐飲,福岡,中央區・渡邊通,"炭火串燒／警固一帶
警固的人氣炭火串燒專賣店。
座位少，建議預約。
福岡県福岡市中央区渡辺通5-3-23-1
營業：週一–週六 17:00–0:00｜週日 17:00–23:00
建議停留：1.5 小時",google,https://www.google.com/maps/search/?api=1&query=%E3%82%84%E3%81%8D%E3%81%A8%E3%82%8A%E4%BA%94%E4%BA%8C%E5%85%AD%20%E4%B8%AD%E5%A4%AE%E5%8D%80%E3%83%BB%E6%B8%A1%E9%82%8A%E9%80%9A
やきとり六三四,33.588481,130.403784,餐飲,福岡,中央區・渡邊通,"炭火串燒／豚バラ／福岡風燒鳥
經典福岡炭火串燒居酒屋。福岡燒鳥的招牌是豬五花（豚バラ），和東京不一樣。
福岡県福岡市中央区渡辺通5-3-23-1 プロスペリタ天神1 Ⅱ 1F
營業：週一–週五 17:00–0:00｜週六 16:00–0:00｜週日 16:00–23:00
建議停留：1.5 小時",google,https://www.google.com/maps/search/?api=1&query=%E3%82%84%E3%81%8D%E3%81%A8%E3%82%8A%E5%85%AD%E4%B8%89%E5%9B%9B%20%E4%B8%AD%E5%A4%AE%E5%8D%80%E3%83%BB%E6%B8%A1%E9%82%8A%E9%80%9A
やす武,33.519358,130.532767,餐飲,福岡,太宰府市,"太宰府參道上的梅ヶ枝餅名店，分數比かさの家 略低但常被說更好吃，可以兩家都買來比。
食べログ 3.59",nominatim,https://www.google.com/maps/search/?api=1&query=%E3%82%84%E3%81%99%E6%AD%A6%20%E5%A4%AA%E5%AE%B0%E5%BA%9C%E5%B8%82
やま中（もつ鍋本店）,33.591909,130.402613,餐飲,福岡,中央區・赤坂,"元祖もつ鍋 楽天地／やま中 本店
博多牛腸鍋的另一個代表，味噌鍋底是這家發揚出來的；本地人常把它排在おおやま之前。
⚠️ 需訂位，人均約 ¥4,000–5,000。
價位：約 ¥4,000–5,000
營業：17:00–23:00
建議停留：2 小時",google,https://www.google.com/maps/search/?api=1&query=%E5%85%83%E7%A5%96%E3%82%82%E3%81%A4%E9%8D%8B%20%E6%A5%BD%E5%A4%A9%E5%9C%B0%EF%BC%8F%E3%82%84%E3%81%BE%E4%B8%AD%20%E6%9C%AC%E5%BA%97%20%E4%B8%AD%E5%A4%AE%E5%8D%80%E3%83%BB%E8%B5%A4%E5%9D%82
クッカーニャ,33.589119,130.398521,餐飲,福岡,中央區・天神,"天神地區食べログ排行前段（4.04）。這批是我用 Tabelog 各區「依評分排序」頁面掃出來、原本名單漏掉的高分店。
⚠️ 只查證了分數與所在地區，營業時間、價位、是否需預約都未查證——多為高單價或預約制，去之前請用 popup 的食べログ連結自行確認。座標為區域概略位置，導航用 Google Maps 連結。
建議停留：1–2 小時
食べログ 4.04",area,https://www.google.com/maps/search/?api=1&query=%E3%82%AF%E3%83%83%E3%82%AB%E3%83%BC%E3%83%8B%E3%83%A3%20%E4%B8%AD%E5%A4%AE%E5%8D%80%E3%83%BB%E5%A4%A9%E7%A5%9E
サフラン,33.163793,130.429522,餐飲,福岡,柳川市,"柳川第 2 名——在一整排鰻魚店裡殺出來的漢堡排店，不想吃鰻魚時的選擇。
食べログ 3.66",google,https://www.google.com/maps/search/?api=1&query=%E3%82%B5%E3%83%95%E3%83%A9%E3%83%B3%20%E6%9F%B3%E5%B7%9D%E5%B8%82
ザエカ（Zaika）,33.591625,130.393516,餐飲,福岡,中央區,"ザエカ 福岡
福岡在地穆斯林社群常去的巴基斯坦料理店，Yelp 福岡清真榜前段班。
⚠️ 供餐內容可能異動，建議先致電確認。
清真：True",google,https://www.google.com/maps/search/?api=1&query=%E3%82%B6%E3%82%A8%E3%82%AB%20%E7%A6%8F%E5%B2%A1%20%E4%B8%AD%E5%A4%AE%E5%8D%80
チョコレートショップ 博多の石畳,33.590458,130.420013,餐飲,福岡,博多區,"博多老字號巧克力店，招牌「博多の石畳」是伴手禮與下午茶的常勝軍。
食べログ 3.69",google,https://www.google.com/maps/search/?api=1&query=%E3%83%81%E3%83%A7%E3%82%B3%E3%83%AC%E3%83%BC%E3%83%88%E3%82%B7%E3%83%A7%E3%83%83%E3%83%97%20%E5%8D%9A%E5%A4%9A%E3%81%AE%E7%9F%B3%E7%95%B3%20%E5%8D%9A%E5%A4%9A%E5%8D%80
トルコレストラン・エルトゥールル,33.590312,130.398059,餐飲,福岡,中央區,"トルコレストラン エルトゥールル
店名取自 1890 年在和歌山遇難的土耳其軍艦「埃爾圖魯爾號」，福岡的土耳其清真料理選擇。
⚠️ 出發前請再確認營業狀況。
清真：True",area,https://www.google.com/maps/search/?api=1&query=%E3%83%88%E3%83%AB%E3%82%B3%E3%83%AC%E3%82%B9%E3%83%88%E3%83%A9%E3%83%B3%20%E3%82%A8%E3%83%AB%E3%83%88%E3%82%A5%E3%83%BC%E3%83%AB%E3%83%AB%20%E4%B8%AD%E5%A4%AE%E5%8D%80
ドゥワンチャン,33.512141,130.129343,餐飲,福岡,糸島市,"糸島第 1 名，泰式料理——在海鮮為主的糸島是意外的第一名。
食べログ 3.65",google,https://www.google.com/maps/search/?api=1&query=%E3%83%89%E3%82%A5%E3%83%AF%E3%83%B3%E3%83%81%E3%83%A3%E3%83%B3%20%E7%B3%B8%E5%B3%B6%E5%B8%82
ハラールフードマルハバ,33.624209,130.428907,餐飲,福岡,東區・箱崎,"箱崎的巴基斯坦料理店兼清真食材店，九州大學留學生社群的老據點。
⚠️ 位於東區箱崎，離博多站約 15 分（地鐵箱崎線）。
清真：True",google,https://www.google.com/maps/search/?api=1&query=%E3%83%8F%E3%83%A9%E3%83%BC%E3%83%AB%E3%83%95%E3%83%BC%E3%83%89%E3%83%9E%E3%83%AB%E3%83%8F%E3%83%90%20%E6%9D%B1%E5%8D%80%E3%83%BB%E7%AE%B1%E5%B4%8E
ハート・ストリングス,33.593842,130.406148,餐飲,福岡,博多區・中洲,"中洲地區食べログ排行前段（3.83）。這批是我用 Tabelog 各區「依評分排序」頁面掃出來、原本名單漏掉的高分店。
⚠️ 只查證了分數與所在地區，營業時間、價位、是否需預約都未查證——多為高單價或預約制，去之前請用 popup 的食べログ連結自行確認。座標為區域概略位置，導航用 Google Maps 連結。
建議停留：1–2 小時
食べログ 3.83",area,https://www.google.com/maps/search/?api=1&query=%E3%83%8F%E3%83%BC%E3%83%88%E3%83%BB%E3%82%B9%E3%83%88%E3%83%AA%E3%83%B3%E3%82%B0%E3%82%B9%20%E5%8D%9A%E5%A4%9A%E5%8D%80%E3%83%BB%E4%B8%AD%E6%B4%B2
ミスターケバブ（Mr. Kebab）,33.657121,130.429953,餐飲,福岡,中央區,"ミスターケバブ 福岡
福岡少數持有正式「ハラール認証」的餐廳，土耳其料理。
⚠️ 認證與供餐內容可能異動，出發前請上店家或 Halal Gourmet Japan 再確認。
清真：True",google,https://www.google.com/maps/search/?api=1&query=%E3%83%9F%E3%82%B9%E3%82%BF%E3%83%BC%E3%82%B1%E3%83%90%E3%83%96%20%E7%A6%8F%E5%B2%A1%20%E4%B8%AD%E5%A4%AE%E5%8D%80
ルアン HOTEL CULTIA 太宰府,33.520947,130.533756,餐飲,福岡,太宰府市,"古民家改建旅館裡的法式餐廳，太宰府少見的正式用餐選擇。
⚠️ 需訂位。
食べログ 3.54",google,https://www.google.com/maps/search/?api=1&query=%E3%83%AB%E3%82%A2%E3%83%B3%20HOTEL%20CULTIA%20%E5%A4%AA%E5%AE%B0%E5%BA%9C%20%E5%A4%AA%E5%AE%B0%E5%BA%9C%E5%B8%82
レストラン アレナ,33.58991,130.397802,餐飲,福岡,中央區・天神,"天神地區食べログ排行前段（4.16）。這批是我用 Tabelog 各區「依評分排序」頁面掃出來、原本名單漏掉的高分店。
⚠️ 只查證了分數與所在地區，營業時間、價位、是否需預約都未查證——多為高單價或預約制，去之前請用 popup 的食べログ連結自行確認。座標為區域概略位置，導航用 Google Maps 連結。
建議停留：1–2 小時
食べログ 4.16",area,https://www.google.com/maps/search/?api=1&query=%E3%83%AC%E3%82%B9%E3%83%88%E3%83%A9%E3%83%B3%20%E3%82%A2%E3%83%AC%E3%83%8A%20%E4%B8%AD%E5%A4%AE%E5%8D%80%E3%83%BB%E5%A4%A9%E7%A5%9E
レストランエッサンス,33.517918,130.535593,餐飲,福岡,太宰府市,"太宰府市內的法式餐廳，午間套餐較好入手。
食べログ 3.53",google,https://www.google.com/maps/search/?api=1&query=%E3%83%AC%E3%82%B9%E3%83%88%E3%83%A9%E3%83%B3%E3%82%A8%E3%83%83%E3%82%B5%E3%83%B3%E3%82%B9%20%E5%A4%AA%E5%AE%B0%E5%BA%9C%E5%B8%82
一幸舍（博多本店）,33.588244,130.417078,餐飲,福岡,博多區,"博多一幸舎 博多本店
博多「泡系」豚骨的代表，湯頭表面浮著細泡、濃度高但不腥，在拉麵迷之間評價比觀光名店高。
約 ¥900–1,200；運河城拉麵競技場也有分店。
價位：約 ¥900–1,200
營業：11:00–23:00
建議停留：30 分",nominatim,https://www.google.com/maps/search/?api=1&query=%E5%8D%9A%E5%A4%9A%E4%B8%80%E5%B9%B8%E8%88%8E%20%E5%8D%9A%E5%A4%9A%E6%9C%AC%E5%BA%97%20%E5%8D%9A%E5%A4%9A%E5%8D%80
一蘭本社總店,33.5931,130.4055,餐飲,福岡,博多區,"一蘭 本社総本店
一蘭發源地，只有本社總店吃得到「釜醬拉麵」重箱版本，24 小時營業。
位於中洲；深夜與凌晨反而不用排隊。
價位：約 ¥1,000–1,500
營業：24 小時
建議停留：40 分",approx,https://www.google.com/maps/search/?api=1&query=%E4%B8%80%E8%98%AD%20%E6%9C%AC%E7%A4%BE%E7%B7%8F%E6%9C%AC%E5%BA%97%20%E5%8D%9A%E5%A4%9A%E5%8D%80
三原豆腐店,33.591151,130.405746,餐飲,福岡,中央區・天神,"豆腐料理專門店，在以肉與海鮮為主的福岡是很特別的一家。
⚠️ 西中洲本店只做晚餐；想吃午餐要去渡邊通的別館（2026-08-19 查證）。豆腐料理專門店，在以肉與海鮮為主的福岡是很特別的一家。
營業：本店（西中洲）17:30–01:00、⚠️ 週日休／別館（渡邊通）午 11:00–15:00・晚 16:30–22:00、週日休
食べログ 3.78",google,https://www.google.com/maps/search/?api=1&query=%E4%B8%89%E5%8E%9F%E8%B1%86%E8%85%90%E5%BA%97%20%E4%B8%AD%E5%A4%AE%E5%8D%80%E3%83%BB%E5%A4%A9%E7%A5%9E
中洲 松,33.592873,130.404761,餐飲,福岡,博多區・中洲,"中洲地區食べログ排行前段（3.92）。這批是我用 Tabelog 各區「依評分排序」頁面掃出來、原本名單漏掉的高分店。
⚠️ 只查證了分數與所在地區，營業時間、價位、是否需預約都未查證——多為高單價或預約制，去之前請用 popup 的食べログ連結自行確認。座標為區域概略位置，導航用 Google Maps 連結。
建議停留：1–2 小時
食べログ 3.92",area,https://www.google.com/maps/search/?api=1&query=%E4%B8%AD%E6%B4%B2%20%E6%9D%BE%20%E5%8D%9A%E5%A4%9A%E5%8D%80%E3%83%BB%E4%B8%AD%E6%B4%B2
中洲屋台 紀文,33.590478,130.4082,餐飲,福岡,博多區・中洲,"中洲屋台裡評分最高的一攤——2/1 晚上要吃屋台的話，直接找這攤。
⚠️ 露天、現金、無廁所；2 月很冷要穿夠。位置每天在那珂川岸邊。
食べログ 3.72",nominatim,https://www.google.com/maps/search/?api=1&query=%E4%B8%AD%E6%B4%B2%E5%B1%8B%E5%8F%B0%20%E7%B4%80%E6%96%87%20%E5%8D%9A%E5%A4%9A%E5%8D%80%E3%83%BB%E4%B8%AD%E6%B4%B2
中洲屋台街,33.589941,130.40894,餐飲,福岡,博多區,"中洲屋台
那珂川岸邊的路邊攤群是福岡最有代表性的夜生活，冬天邊喝邊吃暖鍋最有氣氛。
約 18:00 開到深夜，週一與雨天多休；多為現金、無廁所、每攤約 ¥2,000–3,000。冬天露天很冷務必保暖。
價位：約 ¥2,000–3,000／人
營業：約 18:00–24:00
建議停留：1–1.5 小時",google,https://www.google.com/maps/search/?api=1&query=%E4%B8%AD%E6%B4%B2%E5%B1%8B%E5%8F%B0%20%E5%8D%9A%E5%A4%9A%E5%8D%80
串揚げはやし,33.591034,130.410112,餐飲,福岡,博多區・博多站,"博多第 2 名，炸串專門店，一串一串上桌的職人式吃法。
⚠️ 只有 ¥9,680 的おまかせコース、席數少、必須預約（前一天前更保險）（2026-08-19 查證）——不是能臨時走進去的午餐店。吧檯座為主，四年連續食べログ銅賞。
食べログ 3.99",google,https://www.google.com/maps/search/?api=1&query=%E4%B8%B2%E6%8F%9A%E3%81%92%E3%81%AF%E3%82%84%E3%81%97%20%E5%8D%9A%E5%A4%9A%E5%8D%80%E3%83%BB%E5%8D%9A%E5%A4%9A%E7%AB%99
人形町今半 JR博多シティ店,33.5893,130.4207,餐飲,福岡,博多區・博多站,"人形町今半 ＪＲ博多シティ店
⭐ 1895 年創業於東京人形町的壽喜燒老舖，食べログ すき焼き 百名店 2024、3.66 分——這是它在九州唯一的店。位置在 JR博多シティ（AMU PLAZA 博多）9F「くうてん」，博多站直通、走出來就是行李與機場動線，回程日當最後一頓正餐最省力。仲居會到桌邊幫你煎第一片肉。
⚠️ 全時段加收 12% 服務費，午餐實付要往上抓。⚠️ 只有 56 席、百名店，務必先訂位（食べログ／官網可訂）。午餐時段 11:00–16:00 中間不休息，但 12:00–13:30 是尖峰。💡 想省錢就點午間的「今半膳」；想吃到經典壽喜燒鍋就直接點すき焼き。
價位：午 ¥5,000–5,999／晚 ¥10,000–14,999（另加 12% 服務費）
營業：11:00–16:00／17:00–22:00（餐點 LO 20:30），無定休
建議停留：1–1.5 小時
食べログ 3.66",manual,https://www.google.com/maps/search/?api=1&query=%E4%BA%BA%E5%BD%A2%E7%94%BA%E4%BB%8A%E5%8D%8A%20%EF%BC%AA%EF%BC%B2%E5%8D%9A%E5%A4%9A%E3%82%B7%E3%83%86%E3%82%A3%E5%BA%97%20%E5%8D%9A%E5%A4%9A%E5%8D%80%E3%83%BB%E5%8D%9A%E5%A4%9A%E7%AB%99
元祖本吉屋（鰻魚蒸籠飯）,33.167961,130.411063,餐飲,福岡,柳川市,"元祖本吉屋
1681 年創業、蒸籠飯的元祖店，柳川鰻魚的源頭。
約 ¥4,000 起；本店離市中心稍遠，動線上可選沖端店。
價位：約 ¥4,000 起
營業：11:00–20:00
建議停留：1 小時
食べログ 3.68",google,https://www.google.com/maps/search/?api=1&query=%E5%85%83%E7%A5%96%E6%9C%AC%E5%90%89%E5%B1%8B%20%E6%9F%B3%E5%B7%9D%E5%B8%82
元祖長濱屋,33.591746,130.385294,餐飲,福岡,中央區,"元祖長浜屋
長濱拉麵的原點，只賣一種拉麵、¥600 上下，坐下就上，最粗獷的博多體驗。
現金為主、翻桌極快；點法：麵硬度（かた／なま）與替玉要先講。
價位：約 ¥600
營業：06:00–20:45
建議停留：25 分",google,https://www.google.com/maps/search/?api=1&query=%E5%85%83%E7%A5%96%E9%95%B7%E6%B5%9C%E5%B1%8B%20%E4%B8%AD%E5%A4%AE%E5%8D%80
力飯店,33.5911972,130.4037901,餐飲,福岡,中央區・西中洲,"食べログ 3.67，是天神／中洲一帶除了焼肉すどう 以外分數最高的燒肉。位置在西中洲——天神步行 5 分、中洲屋台街步行 6 分，正好卡在兩個行程點中間。Google 4.4★。
中央區西中洲 12-21。⚠️ 17:00 開，人均超過 ¥10,000（食べログ帶 ¥10,000–14,999），需訂位。西中洲是福岡的高級餐飲區，同一條街上都是熟客制的店。
價位：人均 ¥10,000 以上
營業：17:00 起
食べログ 3.67",google,https://www.google.com/maps/search/?api=1&query=%E5%8A%9B%E9%A3%AF%E5%BA%97%20%E4%B8%AD%E5%A4%AE%E5%8D%80%E3%83%BB%E8%A5%BF%E4%B8%AD%E6%B4%B2
博多 喜多郎寿し,33.588463,130.403512,餐飲,福岡,中央區・渡邊通,"鯖魚／黑喉（のどぐろ）／壽司居酒屋
壽司居酒屋，板友點名必吃鯖魚與黑喉；同集團還有すみ劇場 むさし坐。
晚餐時段建議預約。
福岡県福岡市中央区渡辺通5-2-9 1F
營業：週一–週六 17:00–0:00｜週日 17:00–23:00
建議停留：1.5–2 小時",google,https://www.google.com/maps/search/?api=1&query=%E5%8D%9A%E5%A4%9A%20%E5%96%9C%E5%A4%9A%E9%83%8E%E5%AF%BF%E3%81%97%20%E4%B8%AD%E5%A4%AE%E5%8D%80%E3%83%BB%E6%B8%A1%E9%82%8A%E9%80%9A
博多 魚蔵（都ホテル博多）,33.5897,130.422761,餐飲,福岡,博多區・博多站,"博多 魚蔵 都ホテル博多
⭐ 福岡官方觀光網站列出的穆斯林對應餐廳。用經過清真認證的肉、不含豬肉與酒精的調味料做日本料理——這是清真旅客在福岡最容易吃到「日式正餐」的地方，而且就在博多站旁（你住東急STAY博多，走得到）。
⚠️ 需事先預約並告知清真需求；供餐內容可能異動。
清真：True",google,https://www.google.com/maps/search/?api=1&query=%E5%8D%9A%E5%A4%9A%20%E9%AD%9A%E8%94%B5%20%E9%83%BD%E3%83%9B%E3%83%86%E3%83%AB%E5%8D%9A%E5%A4%9A%20%E5%8D%9A%E5%A4%9A%E5%8D%80%E3%83%BB%E5%8D%9A%E5%A4%9A%E7%AB%99
博多めんたいやまや食堂 MARK IS 福岡ももち店,33.592341,130.363893,餐飲,福岡,中央區・地行濱,"⭐ 明太子大廠「やまや」直營的定食食堂，2025/6/23 才開幕的九州第一家。168 小時熟成的明太子、現炊白飯、辣高菜三樣全部免費續，主菜是當地漁獲或肉類的定食，約 15 種配菜。⭐ 這補上了整趟唯一缺的一塊——把明太子當「一餐」吃，而不是只買回家當伴手禮。位置在 MARK IS 福岡ももち 3F，距三麗鷗角色夢幻樂園只有 306 m、步行 4 分。
⚠️ 店休日不定，跟著 MARK IS 福岡ももち 走——出發前查商場公告。11:00–22:00（L.O.21:00），64 席，TEL 092-836-8000。⚠️ 2025/6 才開的新店，食べログ 評分樣本還少。💡 同一棟 3F 是餐廳樓層，真的客滿也有其他選擇。
價位：定食約 ¥1,500–2,500
營業：11:00–22:00（L.O.21:00）；店休日不定（依 MARK IS 福岡ももち）
建議停留：1 小時",manual,https://www.google.com/maps/search/?api=1&query=%E5%8D%9A%E5%A4%9A%E3%82%81%E3%82%93%E3%81%9F%E3%81%84%E3%82%84%E3%81%BE%E3%82%84%E9%A3%9F%E5%A0%82%20MARK%20IS%20%E7%A6%8F%E5%B2%A1%E3%82%82%E3%82%82%E3%81%A1%E5%BA%97%20%E4%B8%AD%E5%A4%AE%E5%8D%80%E3%83%BB%E5%9C%B0%E8%A1%8C%E6%BF%B1
博多もつ鍋 おおやま,33.588847,130.419729,餐飲,福岡,博多區,"博多もつ鍋おおやま
博多牛腸鍋的代表店之一，味噌鍋底濃厚，冬天暖身首選。
⚠️ 需訂位。本店只做晚餐（16:00 才開），中午去會吃到閉門羹；只休 12/31・1/1（另有不定休）。KITTE 博多等分店時間不同、中午有開。（原註記：博多站 KITTE 地下與本店都有；晚餐務必訂位。）
價位：約 ¥3,000–4,000／人
營業：本店 16:00–23:00（L.O.22:00）
建議停留：1.5 小時",google,https://www.google.com/maps/search/?api=1&query=%E5%8D%9A%E5%A4%9A%E3%82%82%E3%81%A4%E9%8D%8B%E3%81%8A%E3%81%8A%E3%82%84%E3%81%BE%20%E5%8D%9A%E5%A4%9A%E5%8D%80
博多もつ鍋 徳永屋 総本店,33.594423,130.41141,餐飲,福岡,博多區,"博多牛腸鍋在 Tabelog 排最前面的一家（比おおやま、やま中都高），冬天首選。
⚠️ 需訂位。
食べログ 3.73",google,https://www.google.com/maps/search/?api=1&query=%E5%8D%9A%E5%A4%9A%E3%82%82%E3%81%A4%E9%8D%8B%20%E5%BE%B3%E6%B0%B8%E5%B1%8B%20%E7%B7%8F%E6%9C%AC%E5%BA%97%20%E5%8D%9A%E5%A4%9A%E5%8D%80
博多一双 博多駅東本店,33.586378,130.4251,餐飲,福岡,博多區,"博多站附近評分最高的拉麵，泡系豚骨的代表；湯頭表面浮著細密泡沫。
博多站筑紫口步行約 5 分；用餐時段排隊。
價位：約 ¥900
食べログ 3.72",google,https://www.google.com/maps/search/?api=1&query=%E5%8D%9A%E5%A4%9A%E4%B8%80%E5%8F%8C%20%E5%8D%9A%E5%A4%9A%E9%A7%85%E6%9D%B1%E6%9C%AC%E5%BA%97%20%E5%8D%9A%E5%A4%9A%E5%8D%80
博多名代 吉塚うなぎ屋,33.592607,130.408956,餐飲,福岡,博多區・中洲,"1873 年創業的博多鰻魚老店，中洲河畔。若 2/11 柳川的鰻魚沒吃夠，這裡是市區版本。
⚠️ 定休：每週三＋第 2・4 週二（2026-08-19 查證）——本行程 2/3 是週三，吃不到。1873（明治 6）年創業。⚠️ 只接受電話訂位；用餐時段排隊，價位約 ¥4,000 起。
價位：約 ¥4,000 起
營業：10:30–21:00（O.S. 20:15，號碼牌 10:00 起發）
食べログ 3.71",google,https://www.google.com/maps/search/?api=1&query=%E5%8D%9A%E5%A4%9A%E5%90%8D%E4%BB%A3%20%E5%90%89%E5%A1%9A%E3%81%86%E3%81%AA%E3%81%8E%E5%B1%8B%20%E5%8D%9A%E5%A4%9A%E5%8D%80%E3%83%BB%E4%B8%AD%E6%B4%B2
博多焼肉こうし,33.5942851,130.406696,餐飲,福岡,博多區・中洲川端,"中洲川端站出來 61 公尺，是這批裡離車站最近的一家。招牌是和牛與熟成菲力，食べログ 3.59、Google 4.5★。價位帶比西中洲那幾家友善。
博多區上川端町 11-8。⚠️ 17:00 開。食べログ 晚餐帶 ¥6,000–7,999、午餐 ¥3,000–3,999；Google 使用者回報 ¥3,000–9,000。與大東園本店同一條上川端商店街上，兩家可以互為備案。
價位：晚 ¥6,000–9,000／午 ¥3,000–3,999
營業：17:00 起
食べログ 3.59",google,https://www.google.com/maps/search/?api=1&query=%E5%8D%9A%E5%A4%9A%E7%84%BC%E8%82%89%E3%81%93%E3%81%86%E3%81%97%20%E5%8D%9A%E5%A4%9A%E5%8D%80%E3%83%BB%E4%B8%AD%E6%B4%B2%E5%B7%9D%E7%AB%AF
叙々苑 KITTE博多店,33.5890614,130.4194858,餐飲,福岡,博多區・博多站,"離飯店最近的高分燒肉之一：東急STAY博多步行約 5 分，而且就在 KITTE 博多 10F——⭐ 2/12 排的寶可夢中心（博多マルイ 8F）在同一棟樓，回程日想吃燒肉這家動線最無腦。
全國連鎖但博多店評價很穩（Google 4.3★／597 則）。⚠️ 開到 23:00，晚場也吃得到；晚餐約 ¥8,000–9,999、午餐約 ¥3,000–3,999，建議先訂位。連鎖店的好處是外國人多、有圖片菜單、不會雞同鴨講。
價位：晚 ¥8,000–9,999／午 ¥3,000–3,999
營業：至 23:00
食べログ 3.54",google,https://www.google.com/maps/search/?api=1&query=%E5%8F%99%E3%80%85%E8%8B%91%20KITTE%E5%8D%9A%E5%A4%9A%E5%BA%97%20%E5%8D%9A%E5%A4%9A%E5%8D%80%E3%83%BB%E5%8D%9A%E5%A4%9A%E7%AB%99
古材の森（旧西原邸）,33.560251,130.201472,餐飲,福岡,糸島市・前原中央,"古材の森
明治古民家／可參觀 2F／古民家下午茶
明治時期古民宅改的喫茶，可以上 2 樓參觀再坐下來喝茶。
🗓 定休：週三、週四——本行程在福岡的日子是 2/1(一)、2/2(二)、2/3(三)、2/4(四)、2/10(三)、2/11(四)、2/12(五)，排行程時避開。　有公休日，出發前查；午餐時段人多。
福岡県糸島市前原中央3-18-15
營業：週一–週二 11:30–17:00｜週五–週日 11:30–17:00｜週三、週四休
建議停留：1 小時",google,https://www.google.com/maps/search/?api=1&query=%E5%8F%A4%E6%9D%90%E3%81%AE%E6%A3%AE%20%E7%B3%B8%E5%B3%B6%E5%B8%82%E3%83%BB%E5%89%8D%E5%8E%9F%E4%B8%AD%E5%A4%AE
因幡烏龍麵（博多站前店）,33.59059,130.421134,餐飲,福岡,博多區,"因幡うどん 博多デイトス店
福岡其實是烏龍麵之鄉，湯頭清、麵體軟，跟讚岐的彈牙路線完全不同。牛蒡天婦羅烏龍麵是本地標準點法。
一碗約 ¥600–800，翻桌快不用排太久。博多站內的分店官方名是「博多デイトス店」（博多站デイトス內，另有博多 1 番街店）；11:00 開門，比原以為的早餐時段晚，抵達日午餐時段沒問題。
價位：約 ¥600–800
營業：11:00–22:30
建議停留：25 分",google,https://www.google.com/maps/search/?api=1&query=%E5%9B%A0%E5%B9%A1%E3%81%86%E3%81%A9%E3%82%93%20%E5%8D%9A%E5%A4%9A%E3%83%87%E3%82%A4%E3%83%88%E3%82%B9%E5%BA%97%20%E5%8D%9A%E5%A4%9A%E5%8D%80
在掌,33.589438,130.398619,餐飲,福岡,中央區・天神,"天神地區食べログ排行前段（4.03）。這批是我用 Tabelog 各區「依評分排序」頁面掃出來、原本名單漏掉的高分店。
⚠️ 只查證了分數與所在地區，營業時間、價位、是否需預約都未查證——多為高單價或預約制，去之前請用 popup 的食べログ連結自行確認。座標為區域概略位置，導航用 Google Maps 連結。
建議停留：1–2 小時
食べログ 4.03",area,https://www.google.com/maps/search/?api=1&query=%E5%9C%A8%E6%8E%8C%20%E4%B8%AD%E5%A4%AE%E5%8D%80%E3%83%BB%E5%A4%A9%E7%A5%9E
夜明茶屋,33.159716,130.394908,餐飲,福岡,柳川市,"有明海的鄉土料理，吃得到彈塗魚（ムツゴロウ）等別處沒有的食材——柳川不只有鰻魚。
食べログ 3.43",nominatim,https://www.google.com/maps/search/?api=1&query=%E5%A4%9C%E6%98%8E%E8%8C%B6%E5%B1%8B%20%E6%9F%B3%E5%B7%9D%E5%B8%82
天山 本店,33.51949,130.532403,餐飲,福岡,太宰府市,"太宰府的和菓子老店，參道上的第三個梅ヶ枝餅選項。
食べログ 3.57",nominatim,https://www.google.com/maps/search/?api=1&query=%E5%A4%A9%E5%B1%B1%20%E6%9C%AC%E5%BA%97%20%E5%A4%AA%E5%AE%B0%E5%BA%9C%E5%B8%82
天麩羅処 ひらお（天神店）,33.588839,130.394289,餐飲,福岡,中央區・天神,"天麩羅処ひらお
福岡人吃天婦羅的首選，一份定食約 ¥800–1,200，現炸一道一道上桌，桌上還有免費吃到飽的醃魷魚。
CP 值極高所以永遠有人排；本店在機場附近，天神／博多的分店比較好排。
價位：約 ¥800–1,200
營業：10:30–21:00
建議停留：45 分",google,https://www.google.com/maps/search/?api=1&query=%E5%A4%A9%E9%BA%A9%E7%BE%85%E5%87%A6%E3%81%B2%E3%82%89%E3%81%8A%20%E4%B8%AD%E5%A4%AE%E5%8D%80%E3%83%BB%E5%A4%A9%E7%A5%9E
寿司・活魚料理 玄海,33.565052,130.223465,餐飲,福岡,糸島市,"糸島的壽司與活魚料理，玄界灘漁獲。
食べログ 3.56",google,https://www.google.com/maps/search/?api=1&query=%E5%AF%BF%E5%8F%B8%E3%83%BB%E6%B4%BB%E9%AD%9A%E6%96%99%E7%90%86%20%E7%8E%84%E6%B5%B7%20%E7%B3%B8%E5%B3%B6%E5%B8%82
岐志漁港 牡蠣小屋,33.574626,130.120647,餐飲,福岡,糸島市,"糸島規模最大的牡蠣小屋聚落，十幾間並排、自己在炭火上烤。10 月到 4 月為季節，2 月最肥。
糸島規模最大的牡蠣小屋聚落（糸島 6 個漁港共 20 幾家，岐志最集中）；距筑前前原駅需搭計程車約 15 分（無便利公車），一籃約 ¥1,000。會期約 10 月底–3 月底。⚠️ 各家都是不定休，臨時去有風險，先打電話。油煙重，別穿好衣服。
價位：牡蠣一籃約 ¥1,000
營業：09:00–17:00（烤牡蠣 10:00 起）
建議停留：1.5 小時",google,https://www.google.com/maps/search/?api=1&query=%E5%B2%90%E5%BF%97%E6%BC%81%E6%B8%AF%20%E7%89%A1%E8%A0%A3%E5%B0%8F%E5%B1%8B%20%E7%B3%B8%E5%B3%B6%E5%B8%82
我逢人,33.590421,130.398924,餐飲,福岡,中央區・天神,"天神地區食べログ排行前段（4.14）。這批是我用 Tabelog 各區「依評分排序」頁面掃出來、原本名單漏掉的高分店。
⚠️ 只查證了分數與所在地區，營業時間、價位、是否需預約都未查證——多為高單價或預約制，去之前請用 popup 的食べログ連結自行確認。座標為區域概略位置，導航用 Google Maps 連結。
建議停留：1–2 小時
食べログ 4.14",area,https://www.google.com/maps/search/?api=1&query=%E6%88%91%E9%80%A2%E4%BA%BA%20%E4%B8%AD%E5%A4%AE%E5%8D%80%E3%83%BB%E5%A4%A9%E7%A5%9E
椛島氷菓,33.159313,130.398964,餐飲,福岡,柳川市,"柳川的義式冰淇淋，遊船後散步順路。
食べログ 3.38",nominatim,https://www.google.com/maps/search/?api=1&query=%E6%A4%9B%E5%B3%B6%E6%B0%B7%E8%8F%93%20%E6%9F%B3%E5%B7%9D%E5%B8%82
極味や（福岡 PARCO 店）,33.590618,130.398678,餐飲,福岡,中央區・天神,"極味や 福岡パルコ店
福岡最會排隊的漢堡排店。肉排半生上桌，自己在熱鐵板上煎到喜歡的熟度，一份約 ¥1,500 起。
⚠️ 常排 40–60 分，開店（約 11:00）前 20 分去最快；福岡 PARCO 新館 B1。
價位：約 ¥1,500–2,500
營業：11:00–21:00
建議停留：1 小時",google,https://www.google.com/maps/search/?api=1&query=%E6%A5%B5%E5%91%B3%E3%82%84%20%E7%A6%8F%E5%B2%A1%E3%83%91%E3%83%AB%E3%82%B3%E5%BA%97%20%E4%B8%AD%E5%A4%AE%E5%8D%80%E3%83%BB%E5%A4%A9%E7%A5%9E
河太郎 中洲本店,33.590066,130.409375,餐飲,福岡,博多區,"活花枝（イカ活き造り）的發源店，從呼子直送，透明花枝上桌後再把剩下的部分做成天婦羅。
約 ¥4,000–6,000；需訂位，花枝有時售完。定休日只有お盆與年末年始，2/3（三）正常營業；晚餐 17:30 開始（食物 L.O. 21:00）。
價位：約 ¥4,000–6,000
營業：午 11:45–14:00／晚 17:30–22:00（週日假日 17:00–21:30）
建議停留：1.5 小時
食べログ 3.72",google,https://www.google.com/maps/search/?api=1&query=%E6%B2%B3%E5%A4%AA%E9%83%8E%20%E4%B8%AD%E6%B4%B2%E6%9C%AC%E5%BA%97%20%E5%8D%9A%E5%A4%9A%E5%8D%80
油 ヒトツキ,33.588912,130.420828,餐飲,福岡,博多區・博多站,"博多地區食べログ排行前段（3.73）。這批是我用 Tabelog 各區「依評分排序」頁面掃出來、原本名單漏掉的高分店。
⚠️ 只查證了分數與所在地區，營業時間、價位、是否需預約都未查證——多為高單價或預約制，去之前請用 popup 的食べログ連結自行確認。座標為區域概略位置，導航用 Google Maps 連結。
建議停留：1–2 小時
食べログ 3.73",area,https://www.google.com/maps/search/?api=1&query=%E6%B2%B9%20%E3%83%92%E3%83%88%E3%83%84%E3%82%AD%20%E5%8D%9A%E5%A4%9A%E5%8D%80%E3%83%BB%E5%8D%9A%E5%A4%9A%E7%AB%99
炭とおがわ,33.592424,130.405844,餐飲,福岡,博多區・中洲,"中洲地區食べログ排行前段（3.92）。這批是我用 Tabelog 各區「依評分排序」頁面掃出來、原本名單漏掉的高分店。
⚠️ 只查證了分數與所在地區，營業時間、價位、是否需預約都未查證——多為高單價或預約制，去之前請用 popup 的食べログ連結自行確認。座標為區域概略位置，導航用 Google Maps 連結。
建議停留：1–2 小時
食べログ 3.92",area,https://www.google.com/maps/search/?api=1&query=%E7%82%AD%E3%81%A8%E3%81%8A%E3%81%8C%E3%82%8F%20%E5%8D%9A%E5%A4%9A%E5%8D%80%E3%83%BB%E4%B8%AD%E6%B4%B2
炭焼地鶏 山蔵,33.525797,130.551415,餐飲,福岡,太宰府市,"太宰府市內評分最高的餐廳（3.74），炭火地雞。
⚠️ 需訂位；離參道有一段距離。
食べログ 3.74",google,https://www.google.com/maps/search/?api=1&query=%E7%82%AD%E7%84%BC%E5%9C%B0%E9%B6%8F%20%E5%B1%B1%E8%94%B5%20%E5%A4%AA%E5%AE%B0%E5%BA%9C%E5%B8%82
焼き鳥 こと,33.588369,130.403433,餐飲,福岡,中央區・天神,"天神第 2 名的燒鳥，4.17 在燒鳥類是全國前段班。
⚠️ 需提前訂位。
食べログ 4.17",google,https://www.google.com/maps/search/?api=1&query=%E7%84%BC%E3%81%8D%E9%B3%A5%20%E3%81%93%E3%81%A8%20%E4%B8%AD%E5%A4%AE%E5%8D%80%E3%83%BB%E5%A4%A9%E7%A5%9E
焼き鳥 松元 西中洲店,33.590885,130.405251,餐飲,福岡,博多區・西中洲,"西中洲的高評價燒鳥，也做水炊き，是「想吃燒鳥又想喝一杯」的選擇。
⚠️ 需訂位。
食べログ 3.67",google,https://www.google.com/maps/search/?api=1&query=%E7%84%BC%E3%81%8D%E9%B3%A5%20%E6%9D%BE%E5%85%83%20%E8%A5%BF%E4%B8%AD%E6%B4%B2%E5%BA%97%20%E5%8D%9A%E5%A4%9A%E5%8D%80%E3%83%BB%E8%A5%BF%E4%B8%AD%E6%B4%B2
焼肉 多牛 博多駅南店,33.5856452,130.4237455,餐飲,福岡,博多區・博多站,"⭐ 離東急STAY博多最近的一家（步行約 3 分），而且是博多站周邊食べログ分數最高的燒肉（3.66）。價位親民、份量實在，Google 1,277 則評論 3.8★。
博多駅南 1-5-3，飯店走過去 3 分鐘。⚠️ 17:30 才開。食べログ價位帶 ¥5,000–5,999，Google 使用者回報平均 ¥2,000–6,000。也有壽喜燒與涮涮鍋。
價位：約 ¥3,000–6,000
營業：17:30 起
食べログ 3.66",google,https://www.google.com/maps/search/?api=1&query=%E7%84%BC%E8%82%89%20%E5%A4%9A%E7%89%9B%20%E5%8D%9A%E5%A4%9A%E9%A7%85%E5%8D%97%E5%BA%97%20%E5%8D%9A%E5%A4%9A%E5%8D%80%E3%83%BB%E5%8D%9A%E5%A4%9A%E7%AB%99
焼肉 宮中 別邸,33.5932944,130.4072522,餐飲,福岡,博多區・中洲,"中洲的和牛燒肉，食べログ 3.64、Google 4.4★。就在中洲 3-6-7，中洲屋台街步行約 5 分——2/1 或 2/3 晚上想在中洲吃正餐而不是屋台，這家是高分選項。
博多區中洲 3-6-7 1F。⚠️ 17:00 開，人均超過 ¥10,000，需訂位。Google 評論只有 43 則（店小、客數少），分數高但樣本不大。同集團在櫛田神社前另有「焼肉 宮中」本店（食べログ 3.60）。
價位：人均 ¥10,000 以上
營業：17:00 起
食べログ 3.64",google,https://www.google.com/maps/search/?api=1&query=%E7%84%BC%E8%82%89%20%E5%AE%AE%E4%B8%AD%20%E5%88%A5%E9%82%B8%20%E5%8D%9A%E5%A4%9A%E5%8D%80%E3%83%BB%E4%B8%AD%E6%B4%B2
焼肉すどう 春吉,33.589672,130.406139,餐飲,福岡,中央區・春吉,"福岡評價最高的燒肉系列店之一，春吉在天神與中洲之間。
⚠️ 需訂位。
食べログ 3.92",google,https://www.google.com/maps/search/?api=1&query=%E7%84%BC%E8%82%89%E3%81%99%E3%81%A9%E3%81%86%20%E6%98%A5%E5%90%89%20%E4%B8%AD%E5%A4%AE%E5%8D%80%E3%83%BB%E6%98%A5%E5%90%89
焼肉・冷麺 大東園 本店,33.592771,130.411436,餐飲,福岡,博多區・中洲川端,"焼肉・冷麺 大東園本店
⭐ CP 值與順路兼顧的一家：博多老字號燒肉，Google 4.3★／1,948 則（這批裡評論數最多），16:00 就開、午餐帶只要 ¥1,000–1,999。位置在上川端町，中洲屋台街步行約 5 分、博多運河城步行圈內。
上川端町 1-1-1（中洲川端站旁）。⚠️ 16:00 開，比其他家早 1–1.5 小時，行程排 17:00 前吃晚餐也接得上。晚餐帶約 ¥6,000–7,999。有台灣客留言說店員很友善但建議先網路訂位。招牌是燒肉配冷麵。
價位：晚 ¥6,000–7,999／午 ¥1,000–1,999
營業：16:00 起
食べログ 3.65",google,https://www.google.com/maps/search/?api=1&query=%E7%84%BC%E8%82%89%E3%83%BB%E5%86%B7%E9%BA%BA%20%E5%A4%A7%E6%9D%B1%E5%9C%92%E6%9C%AC%E5%BA%97%20%E5%8D%9A%E5%A4%9A%E5%8D%80%E3%83%BB%E4%B8%AD%E6%B4%B2%E5%B7%9D%E7%AB%AF
田中田式海鮮食堂 魚忠,33.585405,130.397749,餐飲,福岡,中央區・天神,"評分 3.76 但走食堂路線，午餐定食平價——是這份清單裡少數「高分又好進去」的店。
價位：午餐約 ¥1,000–2,000
食べログ 3.76",google,https://www.google.com/maps/search/?api=1&query=%E7%94%B0%E4%B8%AD%E7%94%B0%E5%BC%8F%E6%B5%B7%E9%AE%AE%E9%A3%9F%E5%A0%82%20%E9%AD%9A%E5%BF%A0%20%E4%B8%AD%E5%A4%AE%E5%8D%80%E3%83%BB%E5%A4%A9%E7%A5%9E
磯ぎよし（天神本店）,33.592277,130.394411,餐飲,福岡,中央區・天神,"磯ぎよし 天神本店
福岡最有名的海鮮居酒屋之一，玄界灘當日漁獲，能吃到台灣少見的生鯖魚（生さば）。
⚠️ 務必訂位，人均約 ¥5,000–8,000。冬天是鯖魚與河豚的季節。
價位：約 ¥5,000–8,000
營業：17:00–23:00
建議停留：2 小時",google,https://www.google.com/maps/search/?api=1&query=%E7%A3%AF%E3%81%8E%E3%82%88%E3%81%97%20%E5%A4%A9%E7%A5%9E%E6%9C%AC%E5%BA%97%20%E4%B8%AD%E5%A4%AE%E5%8D%80%E3%83%BB%E5%A4%A9%E7%A5%9E
福吉漁港 牡蠣小屋,33.505236,130.084537,餐飲,福岡,糸島市,"JR 筑肥線福吉駅步行約 15 分就到，是少數不用開車也能去的牡蠣小屋，適合 JR 為主的行程。
店家數比岐志少但免轉車；博多搭筑肥線約 70 分（部分班次需在姪濱轉車）。會期約 10 月底–3 月底，2 月正季。⚠️ 定休為「不定休」，出發前一定要打電話確認當天有開。🎁 平日＋搭電車來店多半有一杯免費飲料（生啤小杯或軟性飲料）的優惠，2/2 是週二又是搭 JR，記得問。油煙重，別穿好衣服。
價位：牡蠣一籃約 ¥1,000
營業：09:00–17:00（烤牡蠣 10:00 起）
建議停留：1.5 小時",google,https://www.google.com/maps/search/?api=1&query=%E7%A6%8F%E5%90%89%E6%BC%81%E6%B8%AF%20%E7%89%A1%E8%A0%A3%E5%B0%8F%E5%B1%8B%20%E7%B3%B8%E5%B3%B6%E5%B8%82
立花うどん,33.168283,130.417042,餐飲,福岡,柳川市,"柳川的烏龍麵名店，鰻魚吃不下或預算有限時的選擇。
價位：約 ¥500–900
食べログ 3.56",nominatim,https://www.google.com/maps/search/?api=1&query=%E7%AB%8B%E8%8A%B1%E3%81%86%E3%81%A9%E3%82%93%20%E6%9F%B3%E5%B7%9D%E5%B8%82
糸島ほたる,33.584572,130.214324,餐飲,福岡,糸島市,"糸島的居酒屋兼海鮮食堂，當地評價高。
食べログ 3.61",google,https://www.google.com/maps/search/?api=1&query=%E7%B3%B8%E5%B3%B6%E3%81%BB%E3%81%9F%E3%82%8B%20%E7%B3%B8%E5%B3%B6%E5%B8%82
糸島食堂 本店,33.546476,130.171987,餐飲,福岡,糸島市,"海鮮丼專門店，糸島兜風路線上的定番午餐。
食べログ 3.53",google,https://www.google.com/maps/search/?api=1&query=%E7%B3%B8%E5%B3%B6%E9%A3%9F%E5%A0%82%20%E6%9C%AC%E5%BA%97%20%E7%B3%B8%E5%B3%B6%E5%B8%82
肉の雷橋,33.5885076,130.4025495,餐飲,福岡,中央區・天神南,"⭐ 天神最近、也最不傷荷包的高分選擇：天神地下街步行約 4 分（天神南站 79m），食べログ 3.64、Google 4.5★。走爐端燒×燒肉的混合路線，氣氛比正統燒肉店輕鬆。
中央區渡辺通 5-24-37。⚠️ 17:00 開。價位兩邊資料有落差：食べログ帶 ¥3,000–3,999、Google 使用者回報 ¥4,000–10,000——點法決定，先看菜單再點。座位不多，建議訂位。
價位：約 ¥4,000–8,000（點法差異大）
營業：17:00 起
食べログ 3.64",google,https://www.google.com/maps/search/?api=1&query=%E8%82%89%E3%81%AE%E9%9B%B7%E6%A9%8B%20%E4%B8%AD%E5%A4%AE%E5%8D%80%E3%83%BB%E5%A4%A9%E7%A5%9E%E5%8D%97
若松屋（鰻魚蒸籠飯）,33.158438,130.396033,餐飲,福岡,柳川市,"柳川 若松屋
創業於 1860 年代的柳川鰻魚老店，せいろ蒸し（蒸籠飯）是柳川鄉土料理的代表。
約 ¥3,500–5,000；用餐高峰要排隊，建議 11:30 前或 14:00 後。週三休。
價位：約 ¥3,500–5,000
營業：11:00–19:00（週三休）
建議停留：1 小時
食べログ 3.56",nominatim,https://www.google.com/maps/search/?api=1&query=%E6%9F%B3%E5%B7%9D%20%E8%8B%A5%E6%9D%BE%E5%B1%8B%20%E6%9F%B3%E5%B7%9D%E5%B8%82
茶房きくち,33.52026,130.534,餐飲,福岡,太宰府市,"參道上可以坐下來吃現烤梅ヶ枝餅配抹茶的茶房。
食べログ 3.57",area,https://www.google.com/maps/search/?api=1&query=%E8%8C%B6%E6%88%BF%E3%81%8D%E3%81%8F%E3%81%A1%20%E5%A4%AA%E5%AE%B0%E5%BA%9C%E5%B8%82
葉隠うどん,33.583609,130.424652,餐飲,福岡,博多區,"博多烏龍麵的代表老店，牛蒡天婦羅烏龍麵是必點。一碗 ¥500 上下卻排到第 5 名。
博多站南側，步行約 12 分；賣完就關。
價位：約 ¥500–800
食べログ 3.74",nominatim,https://www.google.com/maps/search/?api=1&query=%E8%91%89%E9%9A%A0%E3%81%86%E3%81%A9%E3%82%93%20%E5%8D%9A%E5%A4%9A%E5%8D%80
赤身焼肉 USHIO 本店,33.582703,130.4221946,餐飲,福岡,博多區・博多站,"赤身焼肉 USHIO
博多發跡、已經開到倫敦的赤身（瘦肉）專門燒肉。Google 4.6★（283 則）——這批裡 Google 評價最高的一家，走精緻路線而非吃到飽。離飯店步行約 4 分。
博多駅南 2-11-13。⚠️ 17:30 才開，人均超過 ¥10,000（食べログ帶 ¥10,000–14,999），需訂位。想吃「和牛但不要一直油」的話這家最對；反之想大口吃五花就選多牛。
價位：人均 ¥10,000 以上
營業：17:30 起
食べログ 3.65",google,https://www.google.com/maps/search/?api=1&query=%E8%B5%A4%E8%BA%AB%E7%84%BC%E8%82%89%20USHIO%20%E5%8D%9A%E5%A4%9A%E5%8D%80%E3%83%BB%E5%8D%9A%E5%A4%9A%E7%AB%99
郷土料理 嗣味,33.580607,130.406553,餐飲,福岡,中央區・天神,"想「一次吃到福岡鄉土料理」又要品質的話，這家評分最高（3.96）。
⚠️ 需訂位。
食べログ 3.96",google,https://www.google.com/maps/search/?api=1&query=%E9%83%B7%E5%9C%9F%E6%96%99%E7%90%86%20%E5%97%A3%E5%91%B3%20%E4%B8%AD%E5%A4%AE%E5%8D%80%E3%83%BB%E5%A4%A9%E7%A5%9E
食事処マルタ活魚,33.549498,130.164079,餐飲,福岡,糸島市,"糸島活魚料理的代表，2/2 選 A 案吃完牡蠣小屋還有餘力時的另一站。
食べログ 3.62",google,https://www.google.com/maps/search/?api=1&query=%E9%A3%9F%E4%BA%8B%E5%87%A6%E3%83%9E%E3%83%AB%E3%82%BF%E6%B4%BB%E9%AD%9A%20%E7%B3%B8%E5%B3%B6%E5%B8%82
馳走なかむら,33.593293,130.404955,餐飲,福岡,博多區・中洲,"中洲地區食べログ排行前段（3.87）。這批是我用 Tabelog 各區「依評分排序」頁面掃出來、原本名單漏掉的高分店。
⚠️ 只查證了分數與所在地區，營業時間、價位、是否需預約都未查證——多為高單價或預約制，去之前請用 popup 的食べログ連結自行確認。座標為區域概略位置，導航用 Google Maps 連結。
建議停留：1–2 小時
食べログ 3.87",area,https://www.google.com/maps/search/?api=1&query=%E9%A6%B3%E8%B5%B0%E3%81%AA%E3%81%8B%E3%82%80%E3%82%89%20%E5%8D%9A%E5%A4%9A%E5%8D%80%E3%83%BB%E4%B8%AD%E6%B4%B2
鮨 さかい,33.591059,130.405508,餐飲,福岡,中央區・天神,"天神第 1 名，也是九州分數最高的壽司店之一（4.53）。
⚠️ 極難訂，通常要透過飯店禮賓或熟客介紹，人均數萬日圓。列在這裡是給你知道天花板在哪。
食べログ 4.53",google,https://www.google.com/maps/search/?api=1&query=%E9%AE%A8%20%E3%81%95%E3%81%8B%E3%81%84%20%E4%B8%AD%E5%A4%AE%E5%8D%80%E3%83%BB%E5%A4%A9%E7%A5%9E
鮨 そえ島,33.590061,130.420179,餐飲,福岡,博多區・博多站,"博多地區食べログ排行前段（3.92）。這批是我用 Tabelog 各區「依評分排序」頁面掃出來、原本名單漏掉的高分店。
⚠️ 只查證了分數與所在地區，營業時間、價位、是否需預約都未查證——多為高單價或預約制，去之前請用 popup 的食べログ連結自行確認。座標為區域概略位置，導航用 Google Maps 連結。
建議停留：1–2 小時
食べログ 3.92",area,https://www.google.com/maps/search/?api=1&query=%E9%AE%A8%20%E3%81%9D%E3%81%88%E5%B3%B6%20%E5%8D%9A%E5%A4%9A%E5%8D%80%E3%83%BB%E5%8D%9A%E5%A4%9A%E7%AB%99
鮨 安吉,33.590168,130.420068,餐飲,福岡,博多區・博多站,"博多地區食べログ排行前段（3.89）。這批是我用 Tabelog 各區「依評分排序」頁面掃出來、原本名單漏掉的高分店。
⚠️ 只查證了分數與所在地區，營業時間、價位、是否需預約都未查證——多為高單價或預約制，去之前請用 popup 的食べログ連結自行確認。座標為區域概略位置，導航用 Google Maps 連結。
建議停留：1–2 小時
食べログ 3.89",area,https://www.google.com/maps/search/?api=1&query=%E9%AE%A8%20%E5%AE%89%E5%90%89%20%E5%8D%9A%E5%A4%9A%E5%8D%80%E3%83%BB%E5%8D%9A%E5%A4%9A%E7%AB%99
鮨 菜とい,33.571674,130.243792,餐飲,福岡,西區・周船寺,"無菜單握壽司／糸島在地漁獲
JR 周船寺站附近，大量使用糸島在地漁獲的無菜單壽司。
⚠️ 需事前預約，熱門日期要提早很久——想吃請在行前就訂。
福岡県福岡市西区周船寺1-6-9
營業：週一–週日 12:00–14:30, 18:00–22:30
建議停留：1.5–2 小時",google,https://www.google.com/maps/search/?api=1&query=%E9%AE%A8%20%E8%8F%9C%E3%81%A8%E3%81%84%20%E8%A5%BF%E5%8D%80%E3%83%BB%E5%91%A8%E8%88%B9%E5%AF%BA
鮨しま,33.593826,130.379218,餐飲,福岡,中央區,"鮨しま 福岡
Halal Gourmet Japan 收錄的穆斯林友善壽司店——清真旅客想吃壽司時的選項。
⚠️ 為「友善」而非認證，需自行向店家確認食材與調味料（味醂與料理酒是壽司店常見的酒精來源）。
清真：友善",google,https://www.google.com/maps/search/?api=1&query=%E9%AE%A8%E3%81%97%E3%81%BE%20%E7%A6%8F%E5%B2%A1%20%E4%B8%AD%E5%A4%AE%E5%8D%80
かにや 本店,32.742597,129.877419,餐飲,長崎,長崎市・銅座,"深夜營業的飯糰與關東煮老店，長崎的宵夜代表——看完燈會回程順路。
價位：約 ¥500–1,500
食べログ 3.66",google,https://www.google.com/maps/search/?api=1&query=%E3%81%8B%E3%81%AB%E3%82%84%20%E6%9C%AC%E5%BA%97%20%E9%95%B7%E5%B4%8E%E5%B8%82%E3%83%BB%E9%8A%85%E5%BA%A7
アサクラ,33.167014,129.723066,餐飲,長崎,佐世保市,"アサクラ 佐世保
佐世保第 2 名，牛排與洋食老店。
食べログ 3.69",google,https://www.google.com/maps/search/?api=1&query=%E3%82%A2%E3%82%B5%E3%82%AF%E3%83%A9%20%E4%BD%90%E4%B8%96%E4%BF%9D%20%E4%BD%90%E4%B8%96%E4%BF%9D%E5%B8%82
ガーデンテラス 花のれん,33.16611,129.72667,餐飲,長崎,佐世保市,"佐世保的日本料理與海鮮，比漢堡正式的選擇。
食べログ 3.60",google,https://www.google.com/maps/search/?api=1&query=%E3%82%AC%E3%83%BC%E3%83%87%E3%83%B3%E3%83%86%E3%83%A9%E3%82%B9%20%E8%8A%B1%E3%81%AE%E3%82%8C%E3%82%93%20%E4%BD%90%E4%B8%96%E4%BF%9D%E5%B8%82
ツル茶ん,32.743167,129.880696,餐飲,長崎,長崎市・思案橋,"1925 年創業、九州最古老的喫茶店。長崎名物「土耳其飯」（豬排＋咖哩飯＋義大利麵一盤）與吃得到的冰沙狀奶昔都是這裡的元祖。
約 ¥1,200–1,800；思案橋一帶，離濱町商店街步行 5 分。
價位：約 ¥1,200–1,800
營業：09:00–21:00
建議停留：1 小時
食べログ 3.63",nominatim,https://www.google.com/maps/search/?api=1&query=%E3%83%84%E3%83%AB%E8%8C%B6%E3%82%93%20%E9%95%B7%E5%B4%8E%E5%B8%82%E3%83%BB%E6%80%9D%E6%A1%88%E6%A9%8B
ニッキー・アースティン 長崎駅前店,32.75275,129.86892,餐飲,長崎,長崎市・長崎駅,"長崎名物「土耳其飯」的代表店之一（食べログ 3.47），長崎駅前分店。一盤裡有豬排＋咖哩飯＋義大利麵。
⚠️ 土耳其飯含豬排，穆斯林旅客請避開。 距 Coruscant Hotel 長崎駅Ⅰ（已選定的那間）約 321m／步行約 4 分。座標是「長崎駅」街區概略位置（店家不在 OSM），導航請用 popup 的 Google Maps 連結。
建議停留：1–1.5 小時
食べログ 3.47",area,https://www.google.com/maps/search/?api=1&query=%E3%83%8B%E3%83%83%E3%82%AD%E3%83%BC%E3%83%BB%E3%82%A2%E3%83%BC%E3%82%B9%E3%83%86%E3%82%A3%E3%83%B3%20%E9%95%B7%E5%B4%8E%E9%A7%85%E5%89%8D%E5%BA%97%20%E9%95%B7%E5%B4%8E%E5%B8%82%E3%83%BB%E9%95%B7%E5%B4%8E%E9%A7%85
バーガーショップ あいかわ,33.12685,129.789695,餐飲,長崎,佐世保市,"佐世保漢堡的另一家高分店，與 BigMan、ヒカリ 並列。
食べログ 3.56",google,https://www.google.com/maps/search/?api=1&query=%E3%83%90%E3%83%BC%E3%82%AC%E3%83%BC%E3%82%B7%E3%83%A7%E3%83%83%E3%83%97%20%E3%81%82%E3%81%84%E3%81%8B%E3%82%8F%20%E4%BD%90%E4%B8%96%E4%BF%9D%E5%B8%82
ビスヌ ココウォーク長崎店,32.763986,129.865011,餐飲,長崎,長崎市・茂里町,"ビスヌ みらい長崎ココウォーク店
⭐ 長崎清真選項極少，這是其中最好找的一家——就在「みらい長崎ココウォーク」商場內，有素食選項。
⚠️ 長崎市的清真餐廳屈指可數，且多為印度／土耳其料理；長崎名物（強棒麵、角煮饅頭）幾乎都含豬肉與豬骨湯，清真旅客要有心理準備。建議出發前用 Halal Gourmet Japan 再查一次。
清真：友善",google,https://www.google.com/maps/search/?api=1&query=%E3%83%93%E3%82%B9%E3%83%8C%20%E3%81%BF%E3%82%89%E3%81%84%E9%95%B7%E5%B4%8E%E3%82%B3%E3%82%B3%E3%82%A6%E3%82%A9%E3%83%BC%E3%82%AF%E5%BA%97%20%E9%95%B7%E5%B4%8E%E5%B8%82%E3%83%BB%E8%8C%82%E9%87%8C%E7%94%BA
ミサロッソ,33.181696,129.714765,餐飲,長崎,佐世保市,"佐世保第 1 名。佐世保是日本漢堡的發源地（美軍基地帶來的），這家是評分最高的一間。
食べログ 3.72",nominatim,https://www.google.com/maps/search/?api=1&query=%E3%83%9F%E3%82%B5%E3%83%AD%E3%83%83%E3%82%BD%20%E4%BD%90%E4%B8%96%E4%BF%9D%E5%B8%82
ミラン 大波止店,32.74699,129.872546,餐飲,長崎,長崎市・大波止,"大波止一帶的印度料理，就在軍艦島船碼頭附近——2/7 等船或下船後的清真選項。
⚠️ 為「對應」而非認證，請自行向店家確認。
清真：友善",google,https://www.google.com/maps/search/?api=1&query=%E3%83%9F%E3%83%A9%E3%83%B3%20%E5%A4%A7%E6%B3%A2%E6%AD%A2%E5%BA%97%20%E9%95%B7%E5%B4%8E%E5%B8%82%E3%83%BB%E5%A4%A7%E6%B3%A2%E6%AD%A2
下町の洋食 時代屋,33.164744,129.835838,餐飲,長崎,佐世保市,"佐世保的老派洋食店，牛排與洋食。
食べログ 3.59",google,https://www.google.com/maps/search/?api=1&query=%E4%B8%8B%E7%94%BA%E3%81%AE%E6%B4%8B%E9%A3%9F%20%E6%99%82%E4%BB%A3%E5%B1%8B%20%E4%BD%90%E4%B8%96%E4%BF%9D%E5%B8%82
中華 大八 駅前店,32.75249,129.872902,餐飲,長崎,長崎市・長崎站,"長崎站前的強棒麵名店——你住 Coruscant（車站一帶），這家就在步行圈內。
食べログ 3.65",google,https://www.google.com/maps/search/?api=1&query=%E4%B8%AD%E8%8F%AF%20%E5%A4%A7%E5%85%AB%20%E9%A7%85%E5%89%8D%E5%BA%97%20%E9%95%B7%E5%B4%8E%E5%B8%82%E3%83%BB%E9%95%B7%E5%B4%8E%E7%AB%99
亜紗 本店,32.750477,129.876207,餐飲,長崎,長崎市,"長崎的居酒屋兼創作料理，海鮮評價高。
⚠️ 建議訂位。
食べログ 3.68",google,https://www.google.com/maps/search/?api=1&query=%E4%BA%9C%E7%B4%97%20%E6%9C%AC%E5%BA%97%20%E9%95%B7%E5%B4%8E%E5%B8%82
佐世保バーガー BigMan 京町本店,33.16972,129.721739,餐飲,長崎,佐世保市,"佐世保漢堡最有名的一家，培根蛋漢堡是招牌——「佐世保バーガー」這個名號就是這類店打出來的。
價位：約 ¥700–1,200
食べログ 3.66",google,https://www.google.com/maps/search/?api=1&query=%E4%BD%90%E4%B8%96%E4%BF%9D%E3%83%90%E3%83%BC%E3%82%AC%E3%83%BC%20BigMan%20%E4%BA%AC%E7%94%BA%E6%9C%AC%E5%BA%97%20%E4%BD%90%E4%B8%96%E4%BF%9D%E5%B8%82
共楽園,32.754869,129.862229,餐飲,長崎,長崎市・新地,"中華街裡當地人比觀光客多的一家，皿烏龍麵（炸細麵淋芡汁）的評價常被排在第一。
約 ¥1,000–1,800；店面不大，用餐時段要等。
價位：約 ¥1,000–1,800
營業：11:00–20:00
建議停留：1 小時",google,https://www.google.com/maps/search/?api=1&query=%E5%85%B1%E6%A5%BD%E5%9C%92%20%E9%95%B7%E5%B4%8E%E5%B8%82%E3%83%BB%E6%96%B0%E5%9C%B0
割烹 とし,32.7522837,129.8737704,餐飲,長崎,長崎市・中町,"割烹とし
⭐ 用午餐價吃到長崎的卓袱料理：把和・華・蘭三種飲食文化揉在一起的長崎鄉土會席，一般料亭動輒上萬日圓，這家午餐只要 ¥1,000–1,999（長崎新聞形容為「吃得到料亭味的日替定食」）。距 Coruscant Hotel 長崎駅Ⅰ 只有 137m／步行 2 分，長崎駅前電停 178m。
⚠️ 午餐只有週一・二・四・五（11:30–13:30，L.O. 13:00）——週三・週六・假日只做晚餐，週日與假日全休。晚餐 18:00–22:00（L.O. 21:00）、價位跳到 ¥8,000–9,999。⚠️ 食べログ 3.20（21 則，樣本少）但 Google 4.1★（66 則），評價落差大；建議先訂位（095-825-4452 或 kappoutoshi.owst.jp）。⚠️ 人多會被帶到 2F，樓梯很陡、且 2F 可能加收少額服務費。💡 招牌是自製柚子系ポン酢「龍の涙」與長崎限定柑橘ゆうこう、長崎風炸雞「とりごうれん」、角煮、海鮮丼。
價位：午 ¥1,000–1,999／晚 ¥8,000–9,999
營業：午 11:30–13:30（僅一・二・四・五，L.O.13:00）／晚 18:00–22:00（週日・假日休）
建議停留：1–1.5 小時
食べログ 3.20",google,https://www.google.com/maps/search/?api=1&query=%E5%89%B2%E7%83%B9%E3%81%A8%E3%81%97%20%E9%95%B7%E5%B4%8E%E5%B8%82%E3%83%BB%E4%B8%AD%E7%94%BA
吉宗 本店,32.744,129.8783,餐飲,長崎,長崎市,"1866 年創業，長崎名物大碗茶碗蒸，配蒸壽司的「夫婦蒸」是經典組合。
約 ¥1,500–2,500；濱町商店街附近，木造町家建築。
價位：約 ¥1,500–2,500
營業：11:00–21:00
建議停留：1 小時",approx,https://www.google.com/maps/search/?api=1&query=%E5%90%89%E5%AE%97%20%E6%9C%AC%E5%BA%97%20%E9%95%B7%E5%B4%8E%E5%B8%82
吉宗 濱町分店,32.744501,129.878794,餐飲,長崎,長崎市・濱町,"吉宗 浜町店
本店排隊時的替代選項，同樣的大碗茶碗蒸，位置就在濱町商店街裡。
約 ¥1,500–2,500。
價位：約 ¥1,500–2,500
營業：11:00–20:00
建議停留：1 小時",nominatim,https://www.google.com/maps/search/?api=1&query=%E5%90%89%E5%AE%97%20%E6%B5%9C%E7%94%BA%E5%BA%97%20%E9%95%B7%E5%B4%8E%E5%B8%82%E3%83%BB%E6%BF%B1%E7%94%BA
四海樓,32.73648,129.869759,餐飲,長崎,長崎市,"強棒麵的發源店，1899 年創業；5F 有強棒麵博物館，窗景看長崎港。
約 ¥1,300 起；用餐時段排隊。就在大浦天主堂下方。
價位：約 ¥1,300–2,500
營業：11:30–20:00
建議停留：1 小時",nominatim,https://www.google.com/maps/search/?api=1&query=%E5%9B%9B%E6%B5%B7%E6%A8%93%20%E9%95%B7%E5%B4%8E%E5%B8%82
坂本屋（五島町）,32.748121,129.874367,餐飲,長崎,長崎市・五島町,"坂本屋
食べログ 3.60、旅館步行圈內分數最高的一家，做長崎鄉土（卓袱）料理的老舖。
⚠️ 鄉土料理老舖多為預約制、價位較高，務必先訂位並確認地址（長崎有同名店家）。 距 Coruscant Hotel 長崎駅Ⅰ（已選定的那間）約 328m／步行約 4 分。座標是「五島町」街區概略位置（店家不在 OSM），導航請用 popup 的 Google Maps 連結。
建議停留：1–1.5 小時
食べログ 3.60",google,https://www.google.com/maps/search/?api=1&query=%E5%9D%82%E6%9C%AC%E5%B1%8B%20%E9%95%B7%E5%B4%8E%E5%B8%82%E3%83%BB%E4%BA%94%E5%B3%B6%E7%94%BA
大阪屋 浜町店,32.743551,129.880504,餐飲,長崎,長崎市・濱町,"⭐ 長崎市第 1 名的燒肉（食べログ 3.85），「焼肉百名店」4 年連續入選——長崎市食べログ 3.4 以上的燒肉只有這一家。長崎和牛專門，自己烤；Google 4.5★／450 則。就在濱町商店街裡，燈會逛完走 2 分就到。
✅ 已排進 2/5 晚餐（19:30）。⚠️ ①務必先網路訂位（osakaya29.com），燈會期間更要；②人均超過 ¥10,000；③菜單幾乎全是高級和牛、不含白飯，記得加點白飯與蔬菜，不然份量會覺得少；④17:00 開店。濱町 11-11 和田ビル 1F，觀光通電停步行 2 分。
價位：人均 ¥10,000 以上
營業：17:00 起
食べログ 3.85",google,https://www.google.com/maps/search/?api=1&query=%E5%A4%A7%E9%98%AA%E5%B1%8B%20%E6%B5%9C%E7%94%BA%E5%BA%97%20%E9%95%B7%E5%B4%8E%E5%B8%82%E3%83%BB%E6%BF%B1%E7%94%BA
大阪屋 長崎駅店,32.753257,129.869112,餐飲,長崎,長崎市・長崎駅,"食べログ 3.41 的牛料理・燒肉店，長崎駅店。想吃肉時最近的高分選擇。
⚠️ 與濱町的「大阪屋 浜町店」（3.85）是同系列不同店，訂位注意分店。 距 Coruscant Hotel 長崎駅Ⅰ（已選定的那間）約 274m／步行約 3 分。座標是「長崎駅」街區概略位置（店家不在 OSM），導航請用 popup 的 Google Maps 連結。
建議停留：1–1.5 小時
食べログ 3.41",google,https://www.google.com/maps/search/?api=1&query=%E5%A4%A7%E9%98%AA%E5%B1%8B%20%E9%95%B7%E5%B4%8E%E9%A7%85%E5%BA%97%20%E9%95%B7%E5%B4%8E%E5%B8%82%E3%83%BB%E9%95%B7%E5%B4%8E%E9%A7%85
岩崎本舖（角煮饅頭）,32.742308,129.875961,餐飲,長崎,長崎市,"岩崎本舗
長崎名物角煮饅頭（東坡肉包）的代表店，中華街與各觀光點都有。
一個約 ¥450；可買冷凍包帶回台灣。
價位：約 ¥450／個
建議停留：15 分",google,https://www.google.com/maps/search/?api=1&query=%E5%B2%A9%E5%B4%8E%E6%9C%AC%E8%88%97%20%E9%95%B7%E5%B4%8E%E5%B8%82
康楽,32.742663,129.879484,餐飲,長崎,長崎市,"長崎強棒麵評分最高的一家（3.69，比四海樓與江山樓都高），當地人的口袋名單。
⚠️ 店面小、營業時間短，賣完就關。
食べログ 3.69",google,https://www.google.com/maps/search/?api=1&query=%E5%BA%B7%E6%A5%BD%20%E9%95%B7%E5%B4%8E%E5%B8%82
思案橋ラーメン,32.743125,129.879104,餐飲,長崎,長崎市・思案橋,"思案橋的深夜食堂，喝完一輪後的收尾。
食べログ 3.60",nominatim,https://www.google.com/maps/search/?api=1&query=%E6%80%9D%E6%A1%88%E6%A9%8B%E3%83%A9%E3%83%BC%E3%83%A1%E3%83%B3%20%E9%95%B7%E5%B4%8E%E5%B8%82%E3%83%BB%E6%80%9D%E6%A1%88%E6%A9%8B
桃若,32.742657,129.878801,餐飲,長崎,長崎市,"關東煮專門店排到長崎第 4 名——2 月的長崎夜裡最適合。
食べログ 3.71",google,https://www.google.com/maps/search/?api=1&query=%E6%A1%83%E8%8B%A5%20%E9%95%B7%E5%B4%8E%E5%B8%82
江山樓 中華街本店,32.741218,129.875803,餐飲,長崎,長崎市,"江山楼 中華街本店
中華街裡的老字號，特製強棒麵用料最豪華（魚翅、干貝）。
約 ¥1,500–3,000；燈會期間非常擠。
價位：約 ¥1,500–3,000
營業：11:00–20:00
建議停留：1 小時
食べログ 3.67",google,https://www.google.com/maps/search/?api=1&query=%E6%B1%9F%E5%B1%B1%E6%A5%BC%20%E4%B8%AD%E8%8F%AF%E8%A1%97%E6%9C%AC%E5%BA%97%20%E9%95%B7%E5%B4%8E%E5%B8%82
老李 台湾居酒屋 駅前店,32.750324,129.872741,餐飲,長崎,長崎市・長崎駅,"長崎駅前的台灣料理居酒屋（食べログ 3.31）。連續吃了幾天日式後想換口味時很實用。
⚠️ 與中華街的「老李 中華街店」是不同店。 距 Coruscant Hotel 長崎駅Ⅰ（已選定的那間）約 390m／步行約 5 分。座標是「長崎駅」街區概略位置（店家不在 OSM），導航請用 popup 的 Google Maps 連結。
建議停留：1–1.5 小時
食べログ 3.31",google,https://www.google.com/maps/search/?api=1&query=%E8%80%81%E6%9D%8E%20%E5%8F%B0%E6%B9%BE%E5%B1%85%E9%85%92%E5%B1%8B%20%E9%A7%85%E5%89%8D%E5%BA%97%20%E9%95%B7%E5%B4%8E%E5%B8%82%E3%83%BB%E9%95%B7%E5%B4%8E%E9%A7%85
豪斯登堡 園內美食,33.084782,129.78627,餐飲,長崎,佐世保市,"ハウステンボス 園内レストラン
園區內有數十家餐廳，佐世保漢堡、起司專門店與チーズの城 都在裡面——不用出園也吃得到當地名物。
⚠️ 園內用餐不含在 1DAY 護照內，要另外付費。傍晚人潮集中，建議 13:00 前或 17:00 前吃完，把天黑後的時間全部留給燈海。
價位：約 ¥1,500–3,000
建議停留：1 小時",google,https://www.google.com/maps/search/?api=1&query=%E3%83%8F%E3%82%A6%E3%82%B9%E3%83%86%E3%83%B3%E3%83%9C%E3%82%B9%20%E5%9C%92%E5%86%85%E3%83%AC%E3%82%B9%E3%83%88%E3%83%A9%E3%83%B3%20%E4%BD%90%E4%B8%96%E4%BF%9D%E5%B8%82
長崎ぶたまん 桃太呂 長崎駅店,32.752837,129.869616,餐飲,長崎,長崎市・長崎駅,"長崎名物「豚まん」老舖桃太呂的長崎駅店（食べログ 3.31）。一個一口大、便宜，適合當宵夜或早餐。
⚠️ 只賣豚まん類，不是正餐；含豬肉。 距 Coruscant Hotel 長崎駅Ⅰ（已選定的那間）約 261m／步行約 3 分。座標是「長崎駅」街區概略位置（店家不在 OSM），導航請用 popup 的 Google Maps 連結。
建議停留：1–1.5 小時
食べログ 3.31",area,https://www.google.com/maps/search/?api=1&query=%E9%95%B7%E5%B4%8E%E3%81%B6%E3%81%9F%E3%81%BE%E3%82%93%20%E6%A1%83%E5%A4%AA%E5%91%82%20%E9%95%B7%E5%B4%8E%E9%A7%85%E5%BA%97%20%E9%95%B7%E5%B4%8E%E5%B8%82%E3%83%BB%E9%95%B7%E5%B4%8E%E9%A7%85
雲龍亭 銅座店,32.743219,129.877835,餐飲,長崎,長崎市・銅座,"長崎名物「一口餃子」的代表店，第 3 名。銅座就在思案橋旁，宵夜時段最熱鬧。
價位：約 ¥1,000
食べログ 3.72",area,https://www.google.com/maps/search/?api=1&query=%E9%9B%B2%E9%BE%8D%E4%BA%AD%20%E9%8A%85%E5%BA%A7%E5%BA%97%20%E9%95%B7%E5%B4%8E%E5%B8%82%E3%83%BB%E9%8A%85%E5%BA%A7
香蘭,33.16349,129.72658,餐飲,長崎,佐世保市,"香蘭 佐世保
佐世保的強棒麵名店——長崎縣內強棒麵不是只有長崎市，佐世保這家分數也很高。
食べログ 3.65",google,https://www.google.com/maps/search/?api=1&query=%E9%A6%99%E8%98%AD%20%E4%BD%90%E4%B8%96%E4%BF%9D%20%E4%BD%90%E4%B8%96%E4%BF%9D%E5%B8%82
魚店亜紗（大黑町）,32.752215,129.872586,餐飲,長崎,長崎市・大黒町,"魚店亜紗
長崎駅一帶評價最高的海鮮居酒屋（食べログ 3.56）。亜紗系列以魚料理見長，離旅館只 400m。
⚠️ 居酒屋型態，晚餐建議訂位。 距 Coruscant Hotel 長崎駅Ⅰ（已選定的那間）約 25m／步行約 1 分。座標是「大黒町」街區概略位置（店家不在 OSM），導航請用 popup 的 Google Maps 連結。
建議停留：1–1.5 小時
食べログ 3.56",area,https://www.google.com/maps/search/?api=1&query=%E9%AD%9A%E5%BA%97%E4%BA%9C%E7%B4%97%20%E9%95%B7%E5%B4%8E%E5%B8%82%E3%83%BB%E5%A4%A7%E9%BB%92%E7%94%BA
鮨 重兵衛,33.173689,129.71961,餐飲,長崎,佐世保市,"佐世保評分最高的壽司店。
⚠️ 需訂位。
食べログ 3.69",google,https://www.google.com/maps/search/?api=1&query=%E9%AE%A8%20%E9%87%8D%E5%85%B5%E8%A1%9B%20%E4%BD%90%E4%B8%96%E4%BF%9D%E5%B8%82
ゆふいん七色の風,33.26008,131.378393,住宿,大分,由布市,"全客室附露天風呂／正對由布岳的景觀／一泊二食・豐後牛
⭐ 由布院首選，最符合你「房間可以泡溫泉」的條件。全部客室都附露天風呂，而且正對由布岳——由布院是山中盆地，看不到海，這裡的「由布岳雪冠＋房內露天」就是它的等價風景。價位帶約 ¥20,000–30,000／人（一泊二食），落在你的預算內。
⚠️ 房價與房型需逐一確認（樂天／一休／官網）；平日（2/8 週一、2/9 週二）比週末便宜 30–50%，你的日期剛好是平日，這點很有利。好旅館 6–12 個月前開賣，現在就要訂。
價位：約 ¥20,000–30,000／人・晚（一泊二食）
建議停留：備選（已改選 由布院 玉の湯）",nominatim,https://www.google.com/maps/search/?api=1&query=%E3%82%86%E3%81%B5%E3%81%84%E3%82%93%E4%B8%83%E8%89%B2%E3%81%AE%E9%A2%A8%20%E7%94%B1%E5%B8%83%E5%B8%82
亀の井別荘,33.265743,131.367421,住宿,大分,由布市,"由布院御三家／湯の岳庵・天井棧敷
湯布院食べログ第 1 名（3.93，以料理旅館身分）。由布院御三家之一，也是「由布院式旅館」的開創者。
⚠️ 不住也能去——館內的「湯の岳庵」（3.74）與「茶房 天井棧敷」（3.66）對外開放。
食べログ 3.93",google,https://www.google.com/maps/search/?api=1&query=%E4%BA%80%E3%81%AE%E4%BA%95%E5%88%A5%E8%8D%98%20%E7%94%B1%E5%B8%83%E5%B8%82
山莊無量塔,33.275779,131.369751,住宿,大分,由布市,"山荘無量塔
古民家移築的獨棟客室／全室附風呂／Theomurata 巧克力・アルテジオ美術館
由布院御三家之一，也是日本最有名的旅館之一。古民家移築的獨棟客室、極高的私密性。⚠️ 價位約 ¥60,000 以上／人（一泊二食），遠超 ¥20,000——如果你當初說的「2 萬」是台幣（約 ¥95,000），那這家與玉の湯、亀の井別荘、別邸 樹、束ノ間 才是你的候選名單。
⚠️ 需極早訂（半年以上），房價需自行查。同集團經營 B-speak 與空想之森アルテジオ。
價位：約 ¥60,000 以上／人・晚（一泊二食）
建議停留：若預算是台幣 2 萬等級
食べログ 3.89",nominatim,https://www.google.com/maps/search/?api=1&query=%E5%B1%B1%E8%8D%98%E7%84%A1%E9%87%8F%E5%A1%94%20%E7%94%B1%E5%B8%83%E5%B8%82
柚富の郷 彩岳館,33.254775,131.364113,住宿,大分,由布市,"由布岳正面的展望露天風呂／部分客室附露天風呂／一泊二食
由布院 CP 值最常被提到的一家。大浴場的展望露天風呂正對由布岳，視野是全由布院前段班；價位約 ¥20,000–30,000／人。
⚠️ 不是全部房型都有客室露天風呂——訂房時務必選「露天風呂付き」的房型，否則只有大浴場。位置在金鱗湖以東的山手，旅館有接送。
價位：約 ¥20,000–30,000／人・晚（一泊二食）
建議停留：由布院的替代選擇
食べログ 3.55",google,https://www.google.com/maps/search/?api=1&query=%E6%9F%9A%E5%AF%8C%E3%81%AE%E9%83%B7%20%E5%BD%A9%E5%B2%B3%E9%A4%A8%20%E7%94%B1%E5%B8%83%E5%B8%82
由布の彩 YADOYA おおはし,33.260621,131.34188,住宿,大分,由布市,"客室附露天風呂／由布院站步行圈／貸切風呂
離由布院站較近、走得到湯之坪街道的一家，客室露天房型齊，適合不想每次進出都靠接送的人。
⚠️ 同樣要指定「露天風呂付き」房型；房價需自行查。
價位：約 ¥20,000–30,000／人・晚（一泊二食）
建議停留：由布院的替代選擇",google,https://www.google.com/maps/search/?api=1&query=%E7%94%B1%E5%B8%83%E3%81%AE%E5%BD%A9%20YADOYA%20%E3%81%8A%E3%81%8A%E3%81%AF%E3%81%97%20%E7%94%B1%E5%B8%83%E5%B8%82
由布院 玉の湯,33.265613,131.363017,住宿,大分,由布市,"雜木林中的離れ客室／湯屋與貸切風呂／葡萄屋・Artegio
✅ 已選定（湯布院 2 晚：2/8–2/9）。由布院御三家之一，雜木林裡的獨棟離れ客室，是「由布院式旅館」這個概念的原型；館內湯屋與貸切風呂，料理是會席。⚠️ 價位約 ¥50,000 以上／人（一泊二食）——這也回答了先前的預算單位問題：你要的是台幣 2 萬（約 ¥95,000）等級，不是日幣 2 萬。
⚠️ 御三家等級，2/8–2/9 雖是平日仍需極早訂（旺季常在半年前滿房）。同集團經營 B-speak 蛋糕捲與空想之森アルテジオ美術館——住這裡的話這兩個點順路且有接送，2/9 的 B 案就是繞這兩個點。由布院是山中盆地看不到海，房間看的是由布岳（冬天有雪冠）。
價位：約 ¥50,000 以上／人・晚（一泊二食）
建議停留：住 2 晚（2/8–2/9）
食べログ 3.81",nominatim,https://www.google.com/maps/search/?api=1&query=%E7%94%B1%E5%B8%83%E9%99%A2%20%E7%8E%89%E3%81%AE%E6%B9%AF%20%E7%94%B1%E5%B8%83%E5%B8%82
草庵秋櫻,33.266681,131.366257,住宿,大分,由布市,"草庵秋桜
和室與離れ客室／客室露天／半露天風呂／懷石料理
由布院中上級的老牌旅館，料理評價高，客室露天／半露天房型多。價位比七色の風高一階（約 ¥25,000–35,000／人），若想再往上升一級可以看這家。
⚠️ 需確認房型是否含客室露天；房價需自行查。
價位：約 ¥25,000–35,000／人・晚（一泊二食）
建議停留：預算再往上一階時",google,https://www.google.com/maps/search/?api=1&query=%E8%8D%89%E5%BA%B5%E7%A7%8B%E6%A1%9C%20%E7%94%B1%E5%B8%83%E5%B8%82
Grand Hyatt Fukuoka,33.589846,130.410386,住宿,福岡,博多區・住吉,"グランド ハイアット 福岡
博多運河城直結／室內泳池與健身房／博多站步行約 10 分
⭐ 購物最方便的選擇。與博多運河城（キャナルシティ）直接連通，出房門就是商場與拉麵競技場；走到中洲屋台、川端商店街都在 10 分內。
⚠️ 價位比商務飯店高一階；博多站要走約 10 分或搭一站地鐵，帶大行李時略不便。
建議停留：購物優先時的替代",nominatim,https://www.google.com/maps/search/?api=1&query=%E3%82%B0%E3%83%A9%E3%83%B3%E3%83%89%20%E3%83%8F%E3%82%A4%E3%82%A2%E3%83%83%E3%83%88%20%E7%A6%8F%E5%B2%A1%20%E5%8D%9A%E5%A4%9A%E5%8D%80%E3%83%BB%E4%BD%8F%E5%90%89
THE BLOSSOM HAKATA Premier,33.590247,130.414007,住宿,福岡,博多區・博多站,"博多站筑紫口步行約 4 分／男女分開的大浴場／JR 九州直營
（備選）JR 九州自己開的飯店，博多站步行 4 分、有大浴場（泡完一天的車程很舒服），房間也比同價位的商務飯店大。地鐵 5 分到機場，回程日最省事。
⚠️ 房價與空房需自行查（樂天／一休／官網）；2/10–2/11 含建國紀念日連假會偏高，建議 2026 年 11 月前訂。
建議停留：備選",nominatim,https://www.google.com/maps/search/?api=1&query=THE%20BLOSSOM%20HAKATA%20Premier%20%E5%8D%9A%E5%A4%9A%E5%8D%80%E3%83%BB%E5%8D%9A%E5%A4%9A%E7%AB%99
ソラリア西鉄ホテル福岡,33.589255,130.399422,住宿,福岡,中央區・天神,"西鐵福岡（天神）站直結／天神百貨圈中心／太宰府與柳川的西鐵起點
⭐ 天神商圈最方便。與西鐵福岡（天神）站直結——而你的太宰府（2/10）與柳川（2/11）都是搭西鐵，住這裡早上直接下樓上車；岩田屋、三越、PARCO、大丸全在步行 5 分內。
⚠️ 缺點是離博多站與機場遠一階（地鐵 5 分＋轉乘），JR 特急要先到博多站。若你把購物看得比 JR 方便更重，這是最佳解。
建議停留：天神派的首選",nominatim,https://www.google.com/maps/search/?api=1&query=%E3%82%BD%E3%83%A9%E3%83%AA%E3%82%A2%E8%A5%BF%E9%89%84%E3%83%9B%E3%83%86%E3%83%AB%E7%A6%8F%E5%B2%A1%20%E4%B8%AD%E5%A4%AE%E5%8D%80%E3%83%BB%E5%A4%A9%E7%A5%9E
ホテル日航福岡,33.591509,130.417192,住宿,福岡,博多區・博多站,"博多站博多口步行約 3 分／老牌全服務型飯店／房間坪數大
博多站正對面的老牌大飯店，房間比商務飯店寬敞、服務穩定，適合想住舒服一點但不到 Hyatt 價位的人。
⚠️ 建築較舊（近年有整修部分樓層），訂房時注意選整修過的房型。
建議停留：博多站派的替代",nominatim,https://www.google.com/maps/search/?api=1&query=%E3%83%9B%E3%83%86%E3%83%AB%E6%97%A5%E8%88%AA%E7%A6%8F%E5%B2%A1%20%E5%8D%9A%E5%A4%9A%E5%8D%80%E3%83%BB%E5%8D%9A%E5%A4%9A%E7%AB%99
リッチモンドホテル福岡天神,33.589323,130.396575,住宿,福岡,中央區・天神,"天神商圈步行圈／日本商務飯店滿意度常年前段／中洲步行約 10 分
天神一帶的高評價平價選擇，房間乾淨、床好睡，價格通常明顯低於 Solaria。想省住宿預算把錢放到旅館與吃的，選這個。
⚠️ 無大浴場、房間偏小。
建議停留：預算型選擇",google,https://www.google.com/maps/search/?api=1&query=%E3%83%AA%E3%83%83%E3%83%81%E3%83%A2%E3%83%B3%E3%83%89%E3%83%9B%E3%83%86%E3%83%AB%E7%A6%8F%E5%B2%A1%E5%A4%A9%E7%A5%9E%20%E4%B8%AD%E5%A4%AE%E5%8D%80%E3%83%BB%E5%A4%A9%E7%A5%9E
東急STAY博多,33.585394,130.421218,住宿,福岡,博多區・博多站,"東急ステイ博多
博多站步行圈／客室內洗衣烘乾機與微波爐／長住型房型
✅ 已選定（福岡 6 晚：2/1–2/4、2/10–2/11）。東急STAY 的特色是客室內就有洗衣烘乾機與微波爐——12 天的行程走到中段一定要洗衣服，這點比大浴場更實用。博多站步行圈，地鐵 5 分到機場。
⚠️ 洗衣機是「房型」條件，訂房時確認選到有洗衣烘乾機的房型（部分房型只有共用洗衣間）。2/10–2/11 含建國紀念日連假，房價偏高，建議 2026 年 11 月前訂完。
建議停留：住 6 晚（2/1–2/4、2/10–2/11）",nominatim,https://www.google.com/maps/search/?api=1&query=%E6%9D%B1%E6%80%A5%E3%82%B9%E3%83%86%E3%82%A4%E5%8D%9A%E5%A4%9A%20%E5%8D%9A%E5%A4%9A%E5%8D%80%E3%83%BB%E5%8D%9A%E5%A4%9A%E7%AB%99
Coruscant Hotel 長崎駅Ⅰ,32.752201,129.872314,住宿,長崎,長崎市・大黒町,"コルサントホテル 長崎駅Ⅰ
JR 長崎駅 徒步約 6 分（三館最近）／車站前商業街區、便利商店最多／公寓式客室（廚房・洗衣機）
✅ 已選定（長崎 3 晚：2/5–2/7）。三館中離 JR 長崎駅最近（徒步 6 分）——你有兩趟要拖行李（2/5 抵達、2/8 早上 07:20 出發去湯布院），這兩趟省下的比較有感。大黒町是車站正前方街區，便利商店與餐廳最多。公寓式客室有廚房與洗衣機。
⚠️ 三館其實彼此只差 55–160 公尺（實測座標），官方標的 6／8／9 分主要是繞路差異而非距離差異，所以選哪館的實際落差比帳面小。⚠️ 共同的代價：三館都在車站一帶、不在燈會會場旁——每晚看完燈（22:00）要搭電車回來（長崎駅前電停，末班約 23:00）。若想「看完燈直接走回房間」，要改住濱町的 Forza／JAL City。
長崎県長崎市大黒町7番15号
建議停留：住 3 晚（2/5–2/7）",manual,https://www.google.com/maps/search/?api=1&query=%E3%82%B3%E3%83%AB%E3%82%B5%E3%83%B3%E3%83%88%E3%83%9B%E3%83%86%E3%83%AB%20%E9%95%B7%E5%B4%8E%E9%A7%85%E2%85%A0%20%E9%95%B7%E5%B4%8E%E5%B8%82%E3%83%BB%E5%A4%A7%E9%BB%92%E7%94%BA
Coruscant Hotel 長崎駅Ⅱ,32.753094,129.872681,住宿,長崎,長崎市・大黒町,"コルサントホテル 長崎駅Ⅱ
長崎駅 徒步約 8 分／公寓式客室
與 Ⅰ 同一街區，官方標示徒步 8 分，是三館中最遠的一館——除非 Ⅰ、Ⅲ 都沒房，否則沒有特別選它的理由。
⚠️ 位置上沒有勝過另兩館之處。
長崎県長崎市大黒町5番10号
建議停留：備選",manual,https://www.google.com/maps/search/?api=1&query=%E3%82%B3%E3%83%AB%E3%82%B5%E3%83%B3%E3%83%88%E3%83%9B%E3%83%86%E3%83%AB%20%E9%95%B7%E5%B4%8E%E9%A7%85%E2%85%A1%20%E9%95%B7%E5%B4%8E%E5%B8%82%E3%83%BB%E5%A4%A7%E9%BB%92%E7%94%BA
Coruscant Hotel 長崎駅Ⅲ,32.753513,129.873001,住宿,長崎,長崎市・筑後町,"コルサントホテル 長崎駅Ⅲ
長崎駅前電停 徒步約 5 分／縣營巴士總站 徒步約 3 分／公寓式客室（廚房・洗衣機）
（備選）到路面電車「長崎駅前」電停徒步 5 分、縣營巴士總站徒步 3 分（上稻佐山的接駁在這裡發車），是三館中電車動線最好的一館，也是最新的（2020 年 7 月開業）。若你更在意每天搭電車的便利勝過拖行李那兩趟，改回這館。
⚠️ 離 JR 長崎駅東口約 9 分，2/5 抵達與 2/8 早上 07:20 出發要拖行李走這段。
長崎県長崎市筑後町1番1号
建議停留：備選",manual,https://www.google.com/maps/search/?api=1&query=%E3%82%B3%E3%83%AB%E3%82%B5%E3%83%B3%E3%83%88%E3%83%9B%E3%83%86%E3%83%AB%20%E9%95%B7%E5%B4%8E%E9%A7%85%E2%85%A2%20%E9%95%B7%E5%B4%8E%E5%B8%82%E3%83%BB%E7%AD%91%E5%BE%8C%E7%94%BA
ダイワロイネットホテル長崎,32.757479,129.868415,住宿,長崎,長崎市・濱町,"濱町商店街旁／房間坪數比同級大／燈會會場步行圈
與 Forza 同一區、同樣走路到燈會與商店街，房間普遍比一般商務飯店大一些。兩家二選一，看哪家先有房。
⚠️ 同上，燈會期間要極早訂。
建議停留：長崎的替代選擇",google,https://www.google.com/maps/search/?api=1&query=%E3%83%80%E3%82%A4%E3%83%AF%E3%83%AD%E3%82%A4%E3%83%8D%E3%83%83%E3%83%88%E3%83%9B%E3%83%86%E3%83%AB%E9%95%B7%E5%B4%8E%20%E9%95%B7%E5%B4%8E%E5%B8%82%E3%83%BB%E6%BF%B1%E7%94%BA
ホテルJALシティ長崎,32.74158,129.87588,住宿,長崎,長崎市・思案橋,"思案橋・濱町步行圈／長崎最熱鬧的飲食街旁／燈會會場步行約 10 分
位在思案橋——長崎最密集的居酒屋與飲食街，晚上想再喝一杯或吃宵夜最方便；到燈會與商店街同樣是走路距離。
⚠️ 飲食街旁邊，週末夜間可能較吵，怕吵的選高樓層。
建議停留：想吃喝方便時的選擇",nominatim,https://www.google.com/maps/search/?api=1&query=%E3%83%9B%E3%83%86%E3%83%ABJAL%E3%82%B7%E3%83%86%E3%82%A3%E9%95%B7%E5%B4%8E%20%E9%95%B7%E5%B4%8E%E5%B8%82%E3%83%BB%E6%80%9D%E6%A1%88%E6%A9%8B
ホテルフォルツァ長崎,32.743896,129.877897,住宿,長崎,長崎市・濱町,"濱町商店街／觀光通步行圈／燈會主會場步行約 8 分／路面電車觀光通站旁
（備選，燈會走路距離最近）就在濱町拱廊商店街旁，購物、吃飯、燈會三件事都用走路解決——2/5–2/7 看完夜間燈會（22:00 結束）直接走回飯店，不必等末班電車。
⚠️ 這三晚是全趟最貴、最先賣完的時段（燈會 2/5–2/21 ＋ 農曆初一 2/6），現在就要訂。
建議停留：備選",nominatim,https://www.google.com/maps/search/?api=1&query=%E3%83%9B%E3%83%86%E3%83%AB%E3%83%95%E3%82%A9%E3%83%AB%E3%83%84%E3%82%A1%E9%95%B7%E5%B4%8E%20%E9%95%B7%E5%B4%8E%E5%B8%82%E3%83%BB%E6%BF%B1%E7%94%BA
長崎萬豪酒店,32.751931,129.869474,住宿,長崎,長崎市・長崎站,"長崎マリオットホテル
2023 開業，長崎最新最高級／AMU PLAZA 長崎直結／高樓層看長崎港與稻佐山
⭐ 品質最高的選擇。2023 年開業，就在長崎站上方、與 AMU PLAZA 直結，購物與轉車都在同一棟，房間與夜景水準是長崎最好的。
⚠️ 唯一缺點：離燈會主會場（湊公園／中華街）要搭路面電車約 10 分——夜間看燈會回程要注意電車時間（約 23:00 收班）。若你更在意飯店品質與車站購物，選這家；更在意燈會走路距離，選 Forza。
建議停留：品質優先時的首選",google,https://www.google.com/maps/search/?api=1&query=%E9%95%B7%E5%B4%8E%E3%83%9E%E3%83%AA%E3%82%AA%E3%83%83%E3%83%88%E3%83%9B%E3%83%86%E3%83%AB%20%E9%95%B7%E5%B4%8E%E5%B8%82%E3%83%BB%E9%95%B7%E5%B4%8E%E7%AB%99
武雄溫泉站,33.196407,130.022979,交通,佐賀,武雄市,"武雄温泉駅
西九州新幹線與接力かもめ 對面換車／武雄溫泉樓門
博多往長崎必經的換車站，同一月台對面換車只要 3 分鐘。
若想停留，站前有國家重要文化財「武雄溫泉樓門」與百年公共浴場，步行約 10 分。
建議停留：換車 3 分",overpass,https://www.google.com/maps/search/?api=1&query=%E6%AD%A6%E9%9B%84%E6%B8%A9%E6%B3%89%E9%A7%85%20%E6%AD%A6%E9%9B%84%E5%B8%82
京都站（跨區參考）,34.98535,135.758766,交通,其他,京都府京都市,"京都駅
新幹線 2.5–2.9 小時，技術上在你的 3 小時圈內，所以列在備選地圖上作為距離參考。
⚠️ 明確不建議：會吃掉整趟節奏且完全離開九州，也不在 JR 九州 Pass 範圍。",nominatim,https://www.google.com/maps/search/?api=1&query=%E4%BA%AC%E9%83%BD%E9%A7%85%20%E4%BA%AC%E9%83%BD%E5%BA%9C%E4%BA%AC%E9%83%BD%E5%B8%82
大阪站（跨區參考）,34.702509,135.496177,交通,其他,大阪府大阪市,"大阪駅
新幹線約 2.5 小時，同樣在 3 小時圈內，列出來當距離參考。
⚠️ 明確不建議：離開九州太遠，不在 JR 九州 Pass 範圍。",nominatim,https://www.google.com/maps/search/?api=1&query=%E5%A4%A7%E9%98%AA%E9%A7%85%20%E5%A4%A7%E9%98%AA%E5%BA%9C%E5%A4%A7%E9%98%AA%E5%B8%82
廣島站,34.397826,132.475577,交通,其他,廣島市,"広島駅
山陽新幹線（博多 1 小時 5 分）／往宮島的 JR 山陽線
博多搭のぞみ只要 1 小時 5 分，是「跨出九州」裡最快的大城市。
⚠️ 山陽新幹線屬 JR 西日本，JR 九州 Pass 不含；單程指定席約 ¥9,540，往返約 ¥19,000。
建議停留：轉乘 15 分",nominatim,https://www.google.com/maps/search/?api=1&query=%E5%BA%83%E5%B3%B6%E9%A7%85%20%E5%BB%A3%E5%B3%B6%E5%B8%82
小倉站,33.88676,130.882184,交通,北九州,北九州市,"小倉駅
山陽新幹線停靠／往門司港與下關的轉乘點／單軌電車
博多搭新幹線只要 17 分；往門司港（15 分）與下關（約 13 分）都從這裡轉普通車。
下關屬 JR 西日本區間，但 JR 九州 Pass 全九州版包含博多—下關；購買前再確認一次。
建議停留：轉乘 10–15 分",nominatim,https://www.google.com/maps/search/?api=1&query=%E5%B0%8F%E5%80%89%E9%A7%85%20%E5%8C%97%E4%B9%9D%E5%B7%9E%E5%B8%82
日田站,33.317109,130.938717,交通,大分,日田市,"日田駅
由布院搭 JR 久大本線約 1 小時，是由布院當日往返最順的老街目的地。
⚠️ 久大本線班次少（約 1–2 小時一班），去之前一定要先查回程時刻。
建議停留：轉乘 10 分",manual,https://www.google.com/maps/search/?api=1&query=%E6%97%A5%E7%94%B0%E9%A7%85%20%E6%97%A5%E7%94%B0%E5%B8%82
由布院站,33.26267,131.355101,交通,大分,由布市,"由布院駅
ゆふいんの森 終點／站內足湯／磯崎新設計的木造站舍
觀光列車「ゆふいんの森」的終點，站內就有足湯；由布院所有步行動線都從這裡開始，而且全程平路。
ゆふいんの森 為全車指定席，乘車日 1 個月前 10:00（JST）開賣，是九州最難訂的觀光列車之一。
建議停留：轉乘 10 分",google,https://www.google.com/maps/search/?api=1&query=%E7%94%B1%E5%B8%83%E9%99%A2%E9%A7%85%20%E7%94%B1%E5%B8%83%E5%B8%82
熊本站,32.790412,130.688622,交通,熊本,熊本市,"熊本駅
九州新幹線（博多 35 分）／市電轉乘
博多搭新幹線只要 35 分，是最省時的日歸選項。
熊本城要從熊本站搭市電約 15 分到「熊本城・市役所前」。
建議停留：轉乘 15 分",nominatim,https://www.google.com/maps/search/?api=1&query=%E7%86%8A%E6%9C%AC%E9%A7%85%20%E7%86%8A%E6%9C%AC%E5%B8%82
博多巴士總站,33.591484,130.41982,交通,福岡,博多區・博多站,"博多バスターミナル
3F＝高速巴士乘車處／豪斯登堡一日遊 31 號乘車處／博多站步行 2 分
2/2 豪斯登堡一日遊的出發地。就在博多站旁，從東急STAY博多 走過來約 5 分。
⚠️ 高速巴士在 3 樓，第一次去很容易在 1 樓繞（多位旅客的評論都提到這點）——預留 20 分找乘車處。豪斯登堡線是 31 號乘車處。回程下車與去程上車是同一區的「紅色 3 號」乘車處。
建議停留：報到 20 分",google,https://www.google.com/maps/search/?api=1&query=%E5%8D%9A%E5%A4%9A%E3%83%90%E3%82%B9%E3%82%BF%E3%83%BC%E3%83%9F%E3%83%8A%E3%83%AB%20%E5%8D%9A%E5%A4%9A%E5%8D%80%E3%83%BB%E5%8D%9A%E5%A4%9A%E7%AB%99
博多站,33.590041,130.419903,交通,福岡,博多區,"博多駅
JR九州特急與新幹線起點／地鐵空港線 5 分到機場／阪急百貨・AMU PLAZA
全趟交通樞紐；地鐵空港線直達機場只要 5 分鐘，是福岡最大的地理優勢。
JR Pass 兌換與指定席劃位在 1F 綠色窗口（みどりの窓口），早上 8–10 點最擠。
建議停留：轉乘 10–20 分",nominatim,https://www.google.com/maps/search/?api=1&query=%E5%8D%9A%E5%A4%9A%E9%A7%85%20%E5%8D%9A%E5%A4%9A%E5%8D%80
福岡機場 禮拜室,33.585206,130.44448,交通,福岡,博多區,"福岡空港 礼拝スペース
福岡機場設有禮拜空間——2/1 抵達與 2/12 回程都會經過。
⚠️ 實際位置與開放時間請在航廈服務台確認。
清真：礼拝所",nominatim,https://www.google.com/maps/search/?api=1&query=%E7%A6%8F%E5%B2%A1%E7%A9%BA%E6%B8%AF%20%E7%A4%BC%E6%8B%9D%E3%82%B9%E3%83%9A%E3%83%BC%E3%82%B9%20%E5%8D%9A%E5%A4%9A%E5%8D%80
福岡機場國際線航廈,33.583849,130.444176,交通,福岡,博多區,"福岡空港国際線ターミナル
入境約40分／免費接駁車至國內線轉地鐵
CI110 抵達點。國際線沒有地鐵站，需搭免費接駁巴士約 10 分到國內線航廈才能搭地鐵。
回程 CI117 20:35，建議 18:00–18:30 抵達；退稅與免稅店在 3F。
建議停留：入境約 40–60 分",google,https://www.google.com/maps/search/?api=1&query=%E7%A6%8F%E5%B2%A1%E7%A9%BA%E6%B8%AF%E5%9B%BD%E9%9A%9B%E7%B7%9A%E3%82%BF%E3%83%BC%E3%83%9F%E3%83%8A%E3%83%AB%20%E5%8D%9A%E5%A4%9A%E5%8D%80
筑前前原站,33.55714,130.199293,交通,福岡,糸島市,"筑前前原駅
糸島的鐵路門戶，往岐志漁港與糸島半島各點都從這裡轉計程車或公車。
博多搭筑肥線（部分班次姪濱轉車）約 40–50 分。
建議停留：轉乘 10 分",nominatim,https://www.google.com/maps/search/?api=1&query=%E7%AD%91%E5%89%8D%E5%89%8D%E5%8E%9F%E9%A7%85%20%E7%B3%B8%E5%B3%B6%E5%B8%82
豪斯登堡站,33.091781,129.796504,交通,長崎,佐世保市,"ハウステンボス駅
特急ハウステンボス 終點／步行過橋約 5 分到入園口
JR 方案的門戶站（本趟改搭巴士，未使用）。特急「ハウステンボス」終點，出站過橋步行 5 分到入園口。
⚠️ 2/2 這天不會用到這一站——你買的是 KKday 巴士一日遊，巴士直接停園區門口。這站留著是給 JR 方案參考用：博多搭特急「ハウステンボス」約 1 小時 50 分，但回程最後一班直達特急 18:04，看不到燈海，所以巴士方案才是對的選擇。
建議停留：轉乘 10 分",google,https://www.google.com/maps/search/?api=1&query=%E3%83%8F%E3%82%A6%E3%82%B9%E3%83%86%E3%83%B3%E3%83%9C%E3%82%B9%E9%A7%85%20%E4%BD%90%E4%B8%96%E4%BF%9D%E5%B8%82
長崎港 常盤碼頭,32.7371,129.8695,交通,長崎,長崎市,"常盤ターミナル
軍艦島登島船的主要出發碼頭之一（依業者而異）。
報到需提前 30 分；當日海況公告會在此發布。⚠️ 常盤ターミナル是「軍艦島コンシェルジュ」的出港地——若改訂其他業者，碼頭不同（元船棧橋／長崎港ターミナル／旭町棧橋），路面電車下車站也不同，訂完票要回來對一次。
建議停留：報到 30 分",approx,https://www.google.com/maps/search/?api=1&query=%E5%B8%B8%E7%9B%A4%E3%82%BF%E3%83%BC%E3%83%9F%E3%83%8A%E3%83%AB%20%E9%95%B7%E5%B4%8E%E5%B8%82
長崎站,32.752303,129.868948,交通,長崎,長崎市,"長崎駅
西九州新幹線終點／路面電車轉乘／AMU PLAZA 長崎
2022 年新站啟用，西九州新幹線終點；市內移動主要靠站前的路面電車。
博多來需在武雄溫泉對面月台換車（接力かもめ→かもめ），全程約 1 小時 20 分。
建議停留：轉乘 10 分",google,https://www.google.com/maps/search/?api=1&query=%E9%95%B7%E5%B4%8E%E9%A7%85%20%E9%95%B7%E5%B4%8E%E5%B8%82
鹿兒島中央站,31.583713,130.541791,交通,鹿兒島,鹿兒島市,"鹿児島中央駅
九州新幹線みずほ（博多 1 小時 20 分）／往指宿的觀光列車
博多搭みずほ最快 1 小時 20 分；南九州的門戶。
⚠️ JR 九州 Pass 北部九州版不含鹿兒島，需全九州版。
建議停留：轉乘 15 分",nominatim,https://www.google.com/maps/search/?api=1&query=%E9%B9%BF%E5%85%90%E5%B3%B6%E4%B8%AD%E5%A4%AE%E9%A7%85%20%E9%B9%BF%E5%85%92%E5%B3%B6%E5%B8%82
